image_path,label
dataset-resized\metal\metal1.jpg,metal
dataset-resized\metal\metal10.jpg,metal
dataset-resized\metal\metal100.jpg,metal
dataset-resized\metal\metal101.jpg,metal
dataset-resized\metal\metal102.jpg,metal
dataset-resized\metal\metal103.jpg,metal
dataset-resized\metal\metal104.jpg,metal
dataset-resized\metal\metal105.jpg,metal
dataset-resized\metal\metal106.jpg,metal
dataset-resized\metal\metal107.jpg,metal
dataset-resized\metal\metal108.jpg,metal
dataset-resized\metal\metal109.jpg,metal
dataset-resized\metal\metal11.jpg,metal
dataset-resized\metal\metal110.jpg,metal
dataset-resized\metal\metal111.jpg,metal
dataset-resized\metal\metal112.jpg,metal
dataset-resized\metal\metal113.jpg,metal
dataset-resized\metal\metal114.jpg,metal
dataset-resized\metal\metal115.jpg,metal
dataset-resized\metal\metal116.jpg,metal
dataset-resized\metal\metal117.jpg,metal
dataset-resized\metal\metal118.jpg,metal
dataset-resized\metal\metal119.jpg,metal
dataset-resized\metal\metal12.jpg,metal
dataset-resized\metal\metal120.jpg,metal
dataset-resized\metal\metal121.jpg,metal
dataset-resized\metal\metal122.jpg,metal
dataset-resized\metal\metal123.jpg,metal
dataset-resized\metal\metal124.jpg,metal
dataset-resized\metal\metal125.jpg,metal
dataset-resized\metal\metal126.jpg,metal
dataset-resized\metal\metal127.jpg,metal
dataset-resized\metal\metal128.jpg,metal
dataset-resized\metal\metal129.jpg,metal
dataset-resized\metal\metal13.jpg,metal
dataset-resized\metal\metal130.jpg,metal
dataset-resized\metal\metal131.jpg,metal
dataset-resized\metal\metal132.jpg,metal
dataset-resized\metal\metal133.jpg,metal
dataset-resized\metal\metal134.jpg,metal
dataset-resized\metal\metal135.jpg,metal
dataset-resized\metal\metal136.jpg,metal
dataset-resized\metal\metal137.jpg,metal
dataset-resized\metal\metal138.jpg,metal
dataset-resized\metal\metal139.jpg,metal
dataset-resized\metal\metal14.jpg,metal
dataset-resized\metal\metal140.jpg,metal
dataset-resized\metal\metal141.jpg,metal
dataset-resized\metal\metal142.jpg,metal
dataset-resized\metal\metal143.jpg,metal
dataset-resized\metal\metal144.jpg,metal
dataset-resized\metal\metal145.jpg,metal
dataset-resized\metal\metal146.jpg,metal
dataset-resized\metal\metal147.jpg,metal
dataset-resized\metal\metal148.jpg,metal
dataset-resized\metal\metal149.jpg,metal
dataset-resized\metal\metal15.jpg,metal
dataset-resized\metal\metal150.jpg,metal
dataset-resized\metal\metal151.jpg,metal
dataset-resized\metal\metal152.jpg,metal
dataset-resized\metal\metal153.jpg,metal
dataset-resized\metal\metal154.jpg,metal
dataset-resized\metal\metal155.jpg,metal
dataset-resized\metal\metal156.jpg,metal
dataset-resized\metal\metal157.jpg,metal
dataset-resized\metal\metal158.jpg,metal
dataset-resized\metal\metal159.jpg,metal
dataset-resized\metal\metal16.jpg,metal
dataset-resized\metal\metal160.jpg,metal
dataset-resized\metal\metal161.jpg,metal
dataset-resized\metal\metal162.jpg,metal
dataset-resized\metal\metal163.jpg,metal
dataset-resized\metal\metal164.jpg,metal
dataset-resized\metal\metal165.jpg,metal
dataset-resized\metal\metal166.jpg,metal
dataset-resized\metal\metal167.jpg,metal
dataset-resized\metal\metal168.jpg,metal
dataset-resized\metal\metal169.jpg,metal
dataset-resized\metal\metal17.jpg,metal
dataset-resized\metal\metal170.jpg,metal
dataset-resized\metal\metal171.jpg,metal
dataset-resized\metal\metal172.jpg,metal
dataset-resized\metal\metal173.jpg,metal
dataset-resized\metal\metal174.jpg,metal
dataset-resized\metal\metal175.jpg,metal
dataset-resized\metal\metal176.jpg,metal
dataset-resized\metal\metal177.jpg,metal
dataset-resized\metal\metal178.jpg,metal
dataset-resized\metal\metal179.jpg,metal
dataset-resized\metal\metal18.jpg,metal
dataset-resized\metal\metal180.jpg,metal
dataset-resized\metal\metal181.jpg,metal
dataset-resized\metal\metal182.jpg,metal
dataset-resized\metal\metal183.jpg,metal
dataset-resized\metal\metal184.jpg,metal
dataset-resized\metal\metal185.jpg,metal
dataset-resized\metal\metal186.jpg,metal
dataset-resized\metal\metal187.jpg,metal
dataset-resized\metal\metal188.jpg,metal
dataset-resized\metal\metal189.jpg,metal
dataset-resized\metal\metal19.jpg,metal
dataset-resized\metal\metal190.jpg,metal
dataset-resized\metal\metal191.jpg,metal
dataset-resized\metal\metal192.jpg,metal
dataset-resized\metal\metal193.jpg,metal
dataset-resized\metal\metal194.jpg,metal
dataset-resized\metal\metal195.jpg,metal
dataset-resized\metal\metal196.jpg,metal
dataset-resized\metal\metal197.jpg,metal
dataset-resized\metal\metal198.jpg,metal
dataset-resized\metal\metal199.jpg,metal
dataset-resized\metal\metal2.jpg,metal
dataset-resized\metal\metal20.jpg,metal
dataset-resized\metal\metal200.jpg,metal
dataset-resized\metal\metal201.jpg,metal
dataset-resized\metal\metal202.jpg,metal
dataset-resized\metal\metal203.jpg,metal
dataset-resized\metal\metal204.jpg,metal
dataset-resized\metal\metal205.jpg,metal
dataset-resized\metal\metal206.jpg,metal
dataset-resized\metal\metal207.jpg,metal
dataset-resized\metal\metal208.jpg,metal
dataset-resized\metal\metal209.jpg,metal
dataset-resized\metal\metal21.jpg,metal
dataset-resized\metal\metal210.jpg,metal
dataset-resized\metal\metal211.jpg,metal
dataset-resized\metal\metal212.jpg,metal
dataset-resized\metal\metal213.jpg,metal
dataset-resized\metal\metal214.jpg,metal
dataset-resized\metal\metal215.jpg,metal
dataset-resized\metal\metal216.jpg,metal
dataset-resized\metal\metal217.jpg,metal
dataset-resized\metal\metal218.jpg,metal
dataset-resized\metal\metal219.jpg,metal
dataset-resized\metal\metal22.jpg,metal
dataset-resized\metal\metal220.jpg,metal
dataset-resized\metal\metal221.jpg,metal
dataset-resized\metal\metal222.jpg,metal
dataset-resized\metal\metal223.jpg,metal
dataset-resized\metal\metal224.jpg,metal
dataset-resized\metal\metal225.jpg,metal
dataset-resized\metal\metal226.jpg,metal
dataset-resized\metal\metal227.jpg,metal
dataset-resized\metal\metal228.jpg,metal
dataset-resized\metal\metal229.jpg,metal
dataset-resized\metal\metal23.jpg,metal
dataset-resized\metal\metal230.jpg,metal
dataset-resized\metal\metal231.jpg,metal
dataset-resized\metal\metal232.jpg,metal
dataset-resized\metal\metal233.jpg,metal
dataset-resized\metal\metal234.jpg,metal
dataset-resized\metal\metal235.jpg,metal
dataset-resized\metal\metal236.jpg,metal
dataset-resized\metal\metal237.jpg,metal
dataset-resized\metal\metal238.jpg,metal
dataset-resized\metal\metal239.jpg,metal
dataset-resized\metal\metal24.jpg,metal
dataset-resized\metal\metal240.jpg,metal
dataset-resized\metal\metal241.jpg,metal
dataset-resized\metal\metal242.jpg,metal
dataset-resized\metal\metal243.jpg,metal
dataset-resized\metal\metal244.jpg,metal
dataset-resized\metal\metal245.jpg,metal
dataset-resized\metal\metal246.jpg,metal
dataset-resized\metal\metal247.jpg,metal
dataset-resized\metal\metal248.jpg,metal
dataset-resized\metal\metal249.jpg,metal
dataset-resized\metal\metal25.jpg,metal
dataset-resized\metal\metal250.jpg,metal
dataset-resized\metal\metal251.jpg,metal
dataset-resized\metal\metal252.jpg,metal
dataset-resized\metal\metal253.jpg,metal
dataset-resized\metal\metal254.jpg,metal
dataset-resized\metal\metal255.jpg,metal
dataset-resized\metal\metal256.jpg,metal
dataset-resized\metal\metal257.jpg,metal
dataset-resized\metal\metal258.jpg,metal
dataset-resized\metal\metal259.jpg,metal
dataset-resized\metal\metal26.jpg,metal
dataset-resized\metal\metal260.jpg,metal
dataset-resized\metal\metal261.jpg,metal
dataset-resized\metal\metal262.jpg,metal
dataset-resized\metal\metal263.jpg,metal
dataset-resized\metal\metal264.jpg,metal
dataset-resized\metal\metal265.jpg,metal
dataset-resized\metal\metal266.jpg,metal
dataset-resized\metal\metal267.jpg,metal
dataset-resized\metal\metal268.jpg,metal
dataset-resized\metal\metal269.jpg,metal
dataset-resized\metal\metal27.jpg,metal
dataset-resized\metal\metal270.jpg,metal
dataset-resized\metal\metal271.jpg,metal
dataset-resized\metal\metal272.jpg,metal
dataset-resized\metal\metal273.jpg,metal
dataset-resized\metal\metal274.jpg,metal
dataset-resized\metal\metal275.jpg,metal
dataset-resized\metal\metal276.jpg,metal
dataset-resized\metal\metal277.jpg,metal
dataset-resized\metal\metal278.jpg,metal
dataset-resized\metal\metal279.jpg,metal
dataset-resized\metal\metal28.jpg,metal
dataset-resized\metal\metal280.jpg,metal
dataset-resized\metal\metal281.jpg,metal
dataset-resized\metal\metal282.jpg,metal
dataset-resized\metal\metal283.jpg,metal
dataset-resized\metal\metal284.jpg,metal
dataset-resized\metal\metal285.jpg,metal
dataset-resized\metal\metal286.jpg,metal
dataset-resized\metal\metal287.jpg,metal
dataset-resized\metal\metal288.jpg,metal
dataset-resized\metal\metal289.jpg,metal
dataset-resized\metal\metal29.jpg,metal
dataset-resized\metal\metal290.jpg,metal
dataset-resized\metal\metal291.jpg,metal
dataset-resized\metal\metal292.jpg,metal
dataset-resized\metal\metal293.jpg,metal
dataset-resized\metal\metal294.jpg,metal
dataset-resized\metal\metal295.jpg,metal
dataset-resized\metal\metal296.jpg,metal
dataset-resized\metal\metal297.jpg,metal
dataset-resized\metal\metal298.jpg,metal
dataset-resized\metal\metal299.jpg,metal
dataset-resized\metal\metal3.jpg,metal
dataset-resized\metal\metal30.jpg,metal
dataset-resized\metal\metal300.jpg,metal
dataset-resized\metal\metal301.jpg,metal
dataset-resized\metal\metal302.jpg,metal
dataset-resized\metal\metal303.jpg,metal
dataset-resized\metal\metal304.jpg,metal
dataset-resized\metal\metal305.jpg,metal
dataset-resized\metal\metal306.jpg,metal
dataset-resized\metal\metal307.jpg,metal
dataset-resized\metal\metal308.jpg,metal
dataset-resized\metal\metal309.jpg,metal
dataset-resized\metal\metal31.jpg,metal
dataset-resized\metal\metal310.jpg,metal
dataset-resized\metal\metal311.jpg,metal
dataset-resized\metal\metal312.jpg,metal
dataset-resized\metal\metal313.jpg,metal
dataset-resized\metal\metal314.jpg,metal
dataset-resized\metal\metal315.jpg,metal
dataset-resized\metal\metal316.jpg,metal
dataset-resized\metal\metal317.jpg,metal
dataset-resized\metal\metal318.jpg,metal
dataset-resized\metal\metal319.jpg,metal
dataset-resized\metal\metal32.jpg,metal
dataset-resized\metal\metal320.jpg,metal
dataset-resized\metal\metal321.jpg,metal
dataset-resized\metal\metal322.jpg,metal
dataset-resized\metal\metal323.jpg,metal
dataset-resized\metal\metal324.jpg,metal
dataset-resized\metal\metal325.jpg,metal
dataset-resized\metal\metal326.jpg,metal
dataset-resized\metal\metal327.jpg,metal
dataset-resized\metal\metal328.jpg,metal
dataset-resized\metal\metal329.jpg,metal
dataset-resized\metal\metal33.jpg,metal
dataset-resized\metal\metal330.jpg,metal
dataset-resized\metal\metal331.jpg,metal
dataset-resized\metal\metal332.jpg,metal
dataset-resized\metal\metal333.jpg,metal
dataset-resized\metal\metal334.jpg,metal
dataset-resized\metal\metal335.jpg,metal
dataset-resized\metal\metal336.jpg,metal
dataset-resized\metal\metal337.jpg,metal
dataset-resized\metal\metal338.jpg,metal
dataset-resized\metal\metal339.jpg,metal
dataset-resized\metal\metal34.jpg,metal
dataset-resized\metal\metal340.jpg,metal
dataset-resized\metal\metal341.jpg,metal
dataset-resized\metal\metal342.jpg,metal
dataset-resized\metal\metal343.jpg,metal
dataset-resized\metal\metal344.jpg,metal
dataset-resized\metal\metal345.jpg,metal
dataset-resized\metal\metal346.jpg,metal
dataset-resized\metal\metal347.jpg,metal
dataset-resized\metal\metal348.jpg,metal
dataset-resized\metal\metal349.jpg,metal
dataset-resized\metal\metal35.jpg,metal
dataset-resized\metal\metal350.jpg,metal
dataset-resized\metal\metal351.jpg,metal
dataset-resized\metal\metal352.jpg,metal
dataset-resized\metal\metal353.jpg,metal
dataset-resized\metal\metal354.jpg,metal
dataset-resized\metal\metal355.jpg,metal
dataset-resized\metal\metal356.jpg,metal
dataset-resized\metal\metal357.jpg,metal
dataset-resized\metal\metal358.jpg,metal
dataset-resized\metal\metal359.jpg,metal
dataset-resized\metal\metal36.jpg,metal
dataset-resized\metal\metal360.jpg,metal
dataset-resized\metal\metal361.jpg,metal
dataset-resized\metal\metal362.jpg,metal
dataset-resized\metal\metal363.jpg,metal
dataset-resized\metal\metal364.jpg,metal
dataset-resized\metal\metal365.jpg,metal
dataset-resized\metal\metal366.jpg,metal
dataset-resized\metal\metal367.jpg,metal
dataset-resized\metal\metal368.jpg,metal
dataset-resized\metal\metal369.jpg,metal
dataset-resized\metal\metal37.jpg,metal
dataset-resized\metal\metal370.jpg,metal
dataset-resized\metal\metal371.jpg,metal
dataset-resized\metal\metal372.jpg,metal
dataset-resized\metal\metal373.jpg,metal
dataset-resized\metal\metal374.jpg,metal
dataset-resized\metal\metal375.jpg,metal
dataset-resized\metal\metal376.jpg,metal
dataset-resized\metal\metal377.jpg,metal
dataset-resized\metal\metal378.jpg,metal
dataset-resized\metal\metal379.jpg,metal
dataset-resized\metal\metal38.jpg,metal
dataset-resized\metal\metal380.jpg,metal
dataset-resized\metal\metal381.jpg,metal
dataset-resized\metal\metal382.jpg,metal
dataset-resized\metal\metal383.jpg,metal
dataset-resized\metal\metal384.jpg,metal
dataset-resized\metal\metal385.jpg,metal
dataset-resized\metal\metal386.jpg,metal
dataset-resized\metal\metal387.jpg,metal
dataset-resized\metal\metal388.jpg,metal
dataset-resized\metal\metal389.jpg,metal
dataset-resized\metal\metal39.jpg,metal
dataset-resized\metal\metal390.jpg,metal
dataset-resized\metal\metal391.jpg,metal
dataset-resized\metal\metal392.jpg,metal
dataset-resized\metal\metal393.jpg,metal
dataset-resized\metal\metal394.jpg,metal
dataset-resized\metal\metal395.jpg,metal
dataset-resized\metal\metal396.jpg,metal
dataset-resized\metal\metal397.jpg,metal
dataset-resized\metal\metal398.jpg,metal
dataset-resized\metal\metal399.jpg,metal
dataset-resized\metal\metal4.jpg,metal
dataset-resized\metal\metal40.jpg,metal
dataset-resized\metal\metal400.jpg,metal
dataset-resized\metal\metal401.jpg,metal
dataset-resized\metal\metal402.jpg,metal
dataset-resized\metal\metal403.jpg,metal
dataset-resized\metal\metal404.jpg,metal
dataset-resized\metal\metal405.jpg,metal
dataset-resized\metal\metal406.jpg,metal
dataset-resized\metal\metal407.jpg,metal
dataset-resized\metal\metal408.jpg,metal
dataset-resized\metal\metal409.jpg,metal
dataset-resized\metal\metal41.jpg,metal
dataset-resized\metal\metal410.jpg,metal
dataset-resized\metal\metal42.jpg,metal
dataset-resized\metal\metal43.jpg,metal
dataset-resized\metal\metal44.jpg,metal
dataset-resized\metal\metal45.jpg,metal
dataset-resized\metal\metal46.jpg,metal
dataset-resized\metal\metal47.jpg,metal
dataset-resized\metal\metal48.jpg,metal
dataset-resized\metal\metal49.jpg,metal
dataset-resized\metal\metal5.jpg,metal
dataset-resized\metal\metal50.jpg,metal
dataset-resized\metal\metal51.jpg,metal
dataset-resized\metal\metal52.jpg,metal
dataset-resized\metal\metal53.jpg,metal
dataset-resized\metal\metal54.jpg,metal
dataset-resized\metal\metal55.jpg,metal
dataset-resized\metal\metal56.jpg,metal
dataset-resized\metal\metal57.jpg,metal
dataset-resized\metal\metal58.jpg,metal
dataset-resized\metal\metal59.jpg,metal
dataset-resized\metal\metal6.jpg,metal
dataset-resized\metal\metal60.jpg,metal
dataset-resized\metal\metal61.jpg,metal
dataset-resized\metal\metal62.jpg,metal
dataset-resized\metal\metal63.jpg,metal
dataset-resized\metal\metal64.jpg,metal
dataset-resized\metal\metal65.jpg,metal
dataset-resized\metal\metal66.jpg,metal
dataset-resized\metal\metal67.jpg,metal
dataset-resized\metal\metal68.jpg,metal
dataset-resized\metal\metal69.jpg,metal
dataset-resized\metal\metal7.jpg,metal
dataset-resized\metal\metal70.jpg,metal
dataset-resized\metal\metal71.jpg,metal
dataset-resized\metal\metal72.jpg,metal
dataset-resized\metal\metal73.jpg,metal
dataset-resized\metal\metal74.jpg,metal
dataset-resized\metal\metal75.jpg,metal
dataset-resized\metal\metal76.jpg,metal
dataset-resized\metal\metal77.jpg,metal
dataset-resized\metal\metal78.jpg,metal
dataset-resized\metal\metal79.jpg,metal
dataset-resized\metal\metal8.jpg,metal
dataset-resized\metal\metal80.jpg,metal
dataset-resized\metal\metal81.jpg,metal
dataset-resized\metal\metal82.jpg,metal
dataset-resized\metal\metal83.jpg,metal
dataset-resized\metal\metal84.jpg,metal
dataset-resized\metal\metal85.jpg,metal
dataset-resized\metal\metal86.jpg,metal
dataset-resized\metal\metal87.jpg,metal
dataset-resized\metal\metal88.jpg,metal
dataset-resized\metal\metal89.jpg,metal
dataset-resized\metal\metal9.jpg,metal
dataset-resized\metal\metal90.jpg,metal
dataset-resized\metal\metal91.jpg,metal
dataset-resized\metal\metal92.jpg,metal
dataset-resized\metal\metal93.jpg,metal
dataset-resized\metal\metal94.jpg,metal
dataset-resized\metal\metal95.jpg,metal
dataset-resized\metal\metal96.jpg,metal
dataset-resized\metal\metal97.jpg,metal
dataset-resized\metal\metal98.jpg,metal
dataset-resized\metal\metal99.jpg,metal
dataset-resized\other\glass1.jpg,other
dataset-resized\other\glass10.jpg,other
dataset-resized\other\glass100.jpg,other
dataset-resized\other\glass101.jpg,other
dataset-resized\other\glass102.jpg,other
dataset-resized\other\glass103.jpg,other
dataset-resized\other\glass104.jpg,other
dataset-resized\other\glass105.jpg,other
dataset-resized\other\glass106.jpg,other
dataset-resized\other\glass107.jpg,other
dataset-resized\other\glass108.jpg,other
dataset-resized\other\glass109.jpg,other
dataset-resized\other\glass11.jpg,other
dataset-resized\other\glass110.jpg,other
dataset-resized\other\glass111.jpg,other
dataset-resized\other\glass112.jpg,other
dataset-resized\other\glass113.jpg,other
dataset-resized\other\glass114.jpg,other
dataset-resized\other\glass115.jpg,other
dataset-resized\other\glass116.jpg,other
dataset-resized\other\glass117.jpg,other
dataset-resized\other\glass118.jpg,other
dataset-resized\other\glass119.jpg,other
dataset-resized\other\glass12.jpg,other
dataset-resized\other\glass120.jpg,other
dataset-resized\other\glass121.jpg,other
dataset-resized\other\glass122.jpg,other
dataset-resized\other\glass123.jpg,other
dataset-resized\other\glass124.jpg,other
dataset-resized\other\glass125.jpg,other
dataset-resized\other\glass126.jpg,other
dataset-resized\other\glass127.jpg,other
dataset-resized\other\glass128.jpg,other
dataset-resized\other\glass129.jpg,other
dataset-resized\other\glass13.jpg,other
dataset-resized\other\glass130.jpg,other
dataset-resized\other\glass131.jpg,other
dataset-resized\other\glass132.jpg,other
dataset-resized\other\glass133.jpg,other
dataset-resized\other\glass134.jpg,other
dataset-resized\other\glass135.jpg,other
dataset-resized\other\glass136.jpg,other
dataset-resized\other\glass137.jpg,other
dataset-resized\other\glass138.jpg,other
dataset-resized\other\glass139.jpg,other
dataset-resized\other\glass14.jpg,other
dataset-resized\other\glass140.jpg,other
dataset-resized\other\glass141.jpg,other
dataset-resized\other\glass142.jpg,other
dataset-resized\other\glass143.jpg,other
dataset-resized\other\glass144.jpg,other
dataset-resized\other\glass145.jpg,other
dataset-resized\other\glass146.jpg,other
dataset-resized\other\glass147.jpg,other
dataset-resized\other\glass148.jpg,other
dataset-resized\other\glass149.jpg,other
dataset-resized\other\glass15.jpg,other
dataset-resized\other\glass150.jpg,other
dataset-resized\other\glass151.jpg,other
dataset-resized\other\glass152.jpg,other
dataset-resized\other\glass153.jpg,other
dataset-resized\other\glass154.jpg,other
dataset-resized\other\glass155.jpg,other
dataset-resized\other\glass156.jpg,other
dataset-resized\other\glass157.jpg,other
dataset-resized\other\glass158.jpg,other
dataset-resized\other\glass159.jpg,other
dataset-resized\other\glass16.jpg,other
dataset-resized\other\glass160.jpg,other
dataset-resized\other\glass161.jpg,other
dataset-resized\other\glass162.jpg,other
dataset-resized\other\glass163.jpg,other
dataset-resized\other\glass164.jpg,other
dataset-resized\other\glass165.jpg,other
dataset-resized\other\glass166.jpg,other
dataset-resized\other\glass167.jpg,other
dataset-resized\other\glass168.jpg,other
dataset-resized\other\glass169.jpg,other
dataset-resized\other\glass17.jpg,other
dataset-resized\other\glass170.jpg,other
dataset-resized\other\glass171.jpg,other
dataset-resized\other\glass172.jpg,other
dataset-resized\other\glass173.jpg,other
dataset-resized\other\glass174.jpg,other
dataset-resized\other\glass175.jpg,other
dataset-resized\other\glass176.jpg,other
dataset-resized\other\glass177.jpg,other
dataset-resized\other\glass178.jpg,other
dataset-resized\other\glass179.jpg,other
dataset-resized\other\glass18.jpg,other
dataset-resized\other\glass180.jpg,other
dataset-resized\other\glass181.jpg,other
dataset-resized\other\glass182.jpg,other
dataset-resized\other\glass183.jpg,other
dataset-resized\other\glass184.jpg,other
dataset-resized\other\glass185.jpg,other
dataset-resized\other\glass186.jpg,other
dataset-resized\other\glass187.jpg,other
dataset-resized\other\glass188.jpg,other
dataset-resized\other\glass189.jpg,other
dataset-resized\other\glass19.jpg,other
dataset-resized\other\glass190.jpg,other
dataset-resized\other\glass191.jpg,other
dataset-resized\other\glass192.jpg,other
dataset-resized\other\glass193.jpg,other
dataset-resized\other\glass194.jpg,other
dataset-resized\other\glass195.jpg,other
dataset-resized\other\glass196.jpg,other
dataset-resized\other\glass197.jpg,other
dataset-resized\other\glass198.jpg,other
dataset-resized\other\glass199.jpg,other
dataset-resized\other\glass2.jpg,other
dataset-resized\other\glass20.jpg,other
dataset-resized\other\glass200.jpg,other
dataset-resized\other\glass201.jpg,other
dataset-resized\other\glass202.jpg,other
dataset-resized\other\glass203.jpg,other
dataset-resized\other\glass204.jpg,other
dataset-resized\other\glass205.jpg,other
dataset-resized\other\glass206.jpg,other
dataset-resized\other\glass207.jpg,other
dataset-resized\other\glass208.jpg,other
dataset-resized\other\glass209.jpg,other
dataset-resized\other\glass21.jpg,other
dataset-resized\other\glass210.jpg,other
dataset-resized\other\glass211.jpg,other
dataset-resized\other\glass212.jpg,other
dataset-resized\other\glass213.jpg,other
dataset-resized\other\glass214.jpg,other
dataset-resized\other\glass215.jpg,other
dataset-resized\other\glass216.jpg,other
dataset-resized\other\glass217.jpg,other
dataset-resized\other\glass218.jpg,other
dataset-resized\other\glass219.jpg,other
dataset-resized\other\glass22.jpg,other
dataset-resized\other\glass220.jpg,other
dataset-resized\other\glass221.jpg,other
dataset-resized\other\glass222.jpg,other
dataset-resized\other\glass223.jpg,other
dataset-resized\other\glass224.jpg,other
dataset-resized\other\glass225.jpg,other
dataset-resized\other\glass226.jpg,other
dataset-resized\other\glass227.jpg,other
dataset-resized\other\glass228.jpg,other
dataset-resized\other\glass229.jpg,other
dataset-resized\other\glass23.jpg,other
dataset-resized\other\glass230.jpg,other
dataset-resized\other\glass231.jpg,other
dataset-resized\other\glass232.jpg,other
dataset-resized\other\glass233.jpg,other
dataset-resized\other\glass234.jpg,other
dataset-resized\other\glass235.jpg,other
dataset-resized\other\glass236.jpg,other
dataset-resized\other\glass237.jpg,other
dataset-resized\other\glass238.jpg,other
dataset-resized\other\glass239.jpg,other
dataset-resized\other\glass24.jpg,other
dataset-resized\other\glass240.jpg,other
dataset-resized\other\glass241.jpg,other
dataset-resized\other\glass242.jpg,other
dataset-resized\other\glass243.jpg,other
dataset-resized\other\glass244.jpg,other
dataset-resized\other\glass245.jpg,other
dataset-resized\other\glass246.jpg,other
dataset-resized\other\glass247.jpg,other
dataset-resized\other\glass248.jpg,other
dataset-resized\other\glass249.jpg,other
dataset-resized\other\glass25.jpg,other
dataset-resized\other\glass250.jpg,other
dataset-resized\other\glass251.jpg,other
dataset-resized\other\glass252.jpg,other
dataset-resized\other\glass253.jpg,other
dataset-resized\other\glass254.jpg,other
dataset-resized\other\glass255.jpg,other
dataset-resized\other\glass256.jpg,other
dataset-resized\other\glass257.jpg,other
dataset-resized\other\glass258.jpg,other
dataset-resized\other\glass259.jpg,other
dataset-resized\other\glass26.jpg,other
dataset-resized\other\glass260.jpg,other
dataset-resized\other\glass261.jpg,other
dataset-resized\other\glass262.jpg,other
dataset-resized\other\glass263.jpg,other
dataset-resized\other\glass264.jpg,other
dataset-resized\other\glass265.jpg,other
dataset-resized\other\glass266.jpg,other
dataset-resized\other\glass267.jpg,other
dataset-resized\other\glass268.jpg,other
dataset-resized\other\glass269.jpg,other
dataset-resized\other\glass27.jpg,other
dataset-resized\other\glass270.jpg,other
dataset-resized\other\glass271.jpg,other
dataset-resized\other\glass272.jpg,other
dataset-resized\other\glass273.jpg,other
dataset-resized\other\glass274.jpg,other
dataset-resized\other\glass275.jpg,other
dataset-resized\other\glass276.jpg,other
dataset-resized\other\glass277.jpg,other
dataset-resized\other\glass278.jpg,other
dataset-resized\other\glass279.jpg,other
dataset-resized\other\glass28.jpg,other
dataset-resized\other\glass280.jpg,other
dataset-resized\other\glass281.jpg,other
dataset-resized\other\glass282.jpg,other
dataset-resized\other\glass283.jpg,other
dataset-resized\other\glass284.jpg,other
dataset-resized\other\glass285.jpg,other
dataset-resized\other\glass286.jpg,other
dataset-resized\other\glass287.jpg,other
dataset-resized\other\glass288.jpg,other
dataset-resized\other\glass289.jpg,other
dataset-resized\other\glass29.jpg,other
dataset-resized\other\glass290.jpg,other
dataset-resized\other\glass291.jpg,other
dataset-resized\other\glass292.jpg,other
dataset-resized\other\glass293.jpg,other
dataset-resized\other\glass294.jpg,other
dataset-resized\other\glass295.jpg,other
dataset-resized\other\glass296.jpg,other
dataset-resized\other\glass297.jpg,other
dataset-resized\other\glass298.jpg,other
dataset-resized\other\glass299.jpg,other
dataset-resized\other\glass3.jpg,other
dataset-resized\other\glass30.jpg,other
dataset-resized\other\glass300.jpg,other
dataset-resized\other\glass301.jpg,other
dataset-resized\other\glass302.jpg,other
dataset-resized\other\glass303.jpg,other
dataset-resized\other\glass304.jpg,other
dataset-resized\other\glass305.jpg,other
dataset-resized\other\glass306.jpg,other
dataset-resized\other\glass307.jpg,other
dataset-resized\other\glass308.jpg,other
dataset-resized\other\glass309.jpg,other
dataset-resized\other\glass31.jpg,other
dataset-resized\other\glass310.jpg,other
dataset-resized\other\glass311.jpg,other
dataset-resized\other\glass312.jpg,other
dataset-resized\other\glass313.jpg,other
dataset-resized\other\glass314.jpg,other
dataset-resized\other\glass315.jpg,other
dataset-resized\other\glass316.jpg,other
dataset-resized\other\glass317.jpg,other
dataset-resized\other\glass318.jpg,other
dataset-resized\other\glass319.jpg,other
dataset-resized\other\glass32.jpg,other
dataset-resized\other\glass320.jpg,other
dataset-resized\other\glass321.jpg,other
dataset-resized\other\glass322.jpg,other
dataset-resized\other\glass323.jpg,other
dataset-resized\other\glass324.jpg,other
dataset-resized\other\glass325.jpg,other
dataset-resized\other\glass326.jpg,other
dataset-resized\other\glass327.jpg,other
dataset-resized\other\glass328.jpg,other
dataset-resized\other\glass329.jpg,other
dataset-resized\other\glass33.jpg,other
dataset-resized\other\glass330.jpg,other
dataset-resized\other\glass331.jpg,other
dataset-resized\other\glass332.jpg,other
dataset-resized\other\glass333.jpg,other
dataset-resized\other\glass334.jpg,other
dataset-resized\other\glass335.jpg,other
dataset-resized\other\glass336.jpg,other
dataset-resized\other\glass337.jpg,other
dataset-resized\other\glass338.jpg,other
dataset-resized\other\glass339.jpg,other
dataset-resized\other\glass34.jpg,other
dataset-resized\other\glass340.jpg,other
dataset-resized\other\glass341.jpg,other
dataset-resized\other\glass342.jpg,other
dataset-resized\other\glass343.jpg,other
dataset-resized\other\glass344.jpg,other
dataset-resized\other\glass345.jpg,other
dataset-resized\other\glass346.jpg,other
dataset-resized\other\glass347.jpg,other
dataset-resized\other\glass348.jpg,other
dataset-resized\other\glass349.jpg,other
dataset-resized\other\glass35.jpg,other
dataset-resized\other\glass350.jpg,other
dataset-resized\other\glass351.jpg,other
dataset-resized\other\glass352.jpg,other
dataset-resized\other\glass353.jpg,other
dataset-resized\other\glass354.jpg,other
dataset-resized\other\glass355.jpg,other
dataset-resized\other\glass356.jpg,other
dataset-resized\other\glass357.jpg,other
dataset-resized\other\glass358.jpg,other
dataset-resized\other\glass359.jpg,other
dataset-resized\other\glass36.jpg,other
dataset-resized\other\glass360.jpg,other
dataset-resized\other\glass361.jpg,other
dataset-resized\other\glass362.jpg,other
dataset-resized\other\glass363.jpg,other
dataset-resized\other\glass364.jpg,other
dataset-resized\other\glass365.jpg,other
dataset-resized\other\glass366.jpg,other
dataset-resized\other\glass367.jpg,other
dataset-resized\other\glass368.jpg,other
dataset-resized\other\glass369.jpg,other
dataset-resized\other\glass37.jpg,other
dataset-resized\other\glass370.jpg,other
dataset-resized\other\glass371.jpg,other
dataset-resized\other\glass372.jpg,other
dataset-resized\other\glass373.jpg,other
dataset-resized\other\glass374.jpg,other
dataset-resized\other\glass375.jpg,other
dataset-resized\other\glass376.jpg,other
dataset-resized\other\glass377.jpg,other
dataset-resized\other\glass378.jpg,other
dataset-resized\other\glass379.jpg,other
dataset-resized\other\glass38.jpg,other
dataset-resized\other\glass380.jpg,other
dataset-resized\other\glass381.jpg,other
dataset-resized\other\glass382.jpg,other
dataset-resized\other\glass383.jpg,other
dataset-resized\other\glass384.jpg,other
dataset-resized\other\glass385.jpg,other
dataset-resized\other\glass386.jpg,other
dataset-resized\other\glass387.jpg,other
dataset-resized\other\glass388.jpg,other
dataset-resized\other\glass389.jpg,other
dataset-resized\other\glass39.jpg,other
dataset-resized\other\glass390.jpg,other
dataset-resized\other\glass391.jpg,other
dataset-resized\other\glass392.jpg,other
dataset-resized\other\glass393.jpg,other
dataset-resized\other\glass394.jpg,other
dataset-resized\other\glass395.jpg,other
dataset-resized\other\glass396.jpg,other
dataset-resized\other\glass397.jpg,other
dataset-resized\other\glass398.jpg,other
dataset-resized\other\glass399.jpg,other
dataset-resized\other\glass4.jpg,other
dataset-resized\other\glass40.jpg,other
dataset-resized\other\glass400.jpg,other
dataset-resized\other\glass401.jpg,other
dataset-resized\other\glass402.jpg,other
dataset-resized\other\glass403.jpg,other
dataset-resized\other\glass404.jpg,other
dataset-resized\other\glass405.jpg,other
dataset-resized\other\glass406.jpg,other
dataset-resized\other\glass407.jpg,other
dataset-resized\other\glass408.jpg,other
dataset-resized\other\glass409.jpg,other
dataset-resized\other\glass41.jpg,other
dataset-resized\other\glass410.jpg,other
dataset-resized\other\glass411.jpg,other
dataset-resized\other\glass412.jpg,other
dataset-resized\other\glass413.jpg,other
dataset-resized\other\glass414.jpg,other
dataset-resized\other\glass415.jpg,other
dataset-resized\other\glass416.jpg,other
dataset-resized\other\glass417.jpg,other
dataset-resized\other\glass418.jpg,other
dataset-resized\other\glass419.jpg,other
dataset-resized\other\glass42.jpg,other
dataset-resized\other\glass420.jpg,other
dataset-resized\other\glass421.jpg,other
dataset-resized\other\glass422.jpg,other
dataset-resized\other\glass423.jpg,other
dataset-resized\other\glass424.jpg,other
dataset-resized\other\glass425.jpg,other
dataset-resized\other\glass426.jpg,other
dataset-resized\other\glass427.jpg,other
dataset-resized\other\glass428.jpg,other
dataset-resized\other\glass429.jpg,other
dataset-resized\other\glass43.jpg,other
dataset-resized\other\glass430.jpg,other
dataset-resized\other\glass431.jpg,other
dataset-resized\other\glass432.jpg,other
dataset-resized\other\glass433.jpg,other
dataset-resized\other\glass434.jpg,other
dataset-resized\other\glass435.jpg,other
dataset-resized\other\glass436.jpg,other
dataset-resized\other\glass437.jpg,other
dataset-resized\other\glass438.jpg,other
dataset-resized\other\glass439.jpg,other
dataset-resized\other\glass44.jpg,other
dataset-resized\other\glass440.jpg,other
dataset-resized\other\glass441.jpg,other
dataset-resized\other\glass442.jpg,other
dataset-resized\other\glass443.jpg,other
dataset-resized\other\glass444.jpg,other
dataset-resized\other\glass445.jpg,other
dataset-resized\other\glass446.jpg,other
dataset-resized\other\glass447.jpg,other
dataset-resized\other\glass448.jpg,other
dataset-resized\other\glass449.jpg,other
dataset-resized\other\glass45.jpg,other
dataset-resized\other\glass450.jpg,other
dataset-resized\other\glass451.jpg,other
dataset-resized\other\glass452.jpg,other
dataset-resized\other\glass453.jpg,other
dataset-resized\other\glass454.jpg,other
dataset-resized\other\glass455.jpg,other
dataset-resized\other\glass456.jpg,other
dataset-resized\other\glass457.jpg,other
dataset-resized\other\glass458.jpg,other
dataset-resized\other\glass459.jpg,other
dataset-resized\other\glass46.jpg,other
dataset-resized\other\glass460.jpg,other
dataset-resized\other\glass461.jpg,other
dataset-resized\other\glass462.jpg,other
dataset-resized\other\glass463.jpg,other
dataset-resized\other\glass464.jpg,other
dataset-resized\other\glass465.jpg,other
dataset-resized\other\glass466.jpg,other
dataset-resized\other\glass467.jpg,other
dataset-resized\other\glass468.jpg,other
dataset-resized\other\glass469.jpg,other
dataset-resized\other\glass47.jpg,other
dataset-resized\other\glass470.jpg,other
dataset-resized\other\glass471.jpg,other
dataset-resized\other\glass472.jpg,other
dataset-resized\other\glass473.jpg,other
dataset-resized\other\glass474.jpg,other
dataset-resized\other\glass475.jpg,other
dataset-resized\other\glass476.jpg,other
dataset-resized\other\glass477.jpg,other
dataset-resized\other\glass478.jpg,other
dataset-resized\other\glass479.jpg,other
dataset-resized\other\glass48.jpg,other
dataset-resized\other\glass480.jpg,other
dataset-resized\other\glass481.jpg,other
dataset-resized\other\glass482.jpg,other
dataset-resized\other\glass483.jpg,other
dataset-resized\other\glass484.jpg,other
dataset-resized\other\glass485.jpg,other
dataset-resized\other\glass486.jpg,other
dataset-resized\other\glass487.jpg,other
dataset-resized\other\glass488.jpg,other
dataset-resized\other\glass489.jpg,other
dataset-resized\other\glass49.jpg,other
dataset-resized\other\glass490.jpg,other
dataset-resized\other\glass491.jpg,other
dataset-resized\other\glass492.jpg,other
dataset-resized\other\glass493.jpg,other
dataset-resized\other\glass494.jpg,other
dataset-resized\other\glass495.jpg,other
dataset-resized\other\glass496.jpg,other
dataset-resized\other\glass497.jpg,other
dataset-resized\other\glass498.jpg,other
dataset-resized\other\glass499.jpg,other
dataset-resized\other\glass5.jpg,other
dataset-resized\other\glass50.jpg,other
dataset-resized\other\glass500.jpg,other
dataset-resized\other\glass501.jpg,other
dataset-resized\other\glass51.jpg,other
dataset-resized\other\glass52.jpg,other
dataset-resized\other\glass53.jpg,other
dataset-resized\other\glass54.jpg,other
dataset-resized\other\glass55.jpg,other
dataset-resized\other\glass56.jpg,other
dataset-resized\other\glass57.jpg,other
dataset-resized\other\glass58.jpg,other
dataset-resized\other\glass59.jpg,other
dataset-resized\other\glass6.jpg,other
dataset-resized\other\glass60.jpg,other
dataset-resized\other\glass61.jpg,other
dataset-resized\other\glass62.jpg,other
dataset-resized\other\glass63.jpg,other
dataset-resized\other\glass64.jpg,other
dataset-resized\other\glass65.jpg,other
dataset-resized\other\glass66.jpg,other
dataset-resized\other\glass67.jpg,other
dataset-resized\other\glass68.jpg,other
dataset-resized\other\glass69.jpg,other
dataset-resized\other\glass7.jpg,other
dataset-resized\other\glass70.jpg,other
dataset-resized\other\glass71.jpg,other
dataset-resized\other\glass72.jpg,other
dataset-resized\other\glass73.jpg,other
dataset-resized\other\glass74.jpg,other
dataset-resized\other\glass75.jpg,other
dataset-resized\other\glass76.jpg,other
dataset-resized\other\glass77.jpg,other
dataset-resized\other\glass78.jpg,other
dataset-resized\other\glass79.jpg,other
dataset-resized\other\glass8.jpg,other
dataset-resized\other\glass80.jpg,other
dataset-resized\other\glass81.jpg,other
dataset-resized\other\glass82.jpg,other
dataset-resized\other\glass83.jpg,other
dataset-resized\other\glass84.jpg,other
dataset-resized\other\glass85.jpg,other
dataset-resized\other\glass86.jpg,other
dataset-resized\other\glass87.jpg,other
dataset-resized\other\glass88.jpg,other
dataset-resized\other\glass89.jpg,other
dataset-resized\other\glass9.jpg,other
dataset-resized\other\glass90.jpg,other
dataset-resized\other\glass91.jpg,other
dataset-resized\other\glass92.jpg,other
dataset-resized\other\glass93.jpg,other
dataset-resized\other\glass94.jpg,other
dataset-resized\other\glass95.jpg,other
dataset-resized\other\glass96.jpg,other
dataset-resized\other\glass97.jpg,other
dataset-resized\other\glass98.jpg,other
dataset-resized\other\glass99.jpg,other
dataset-resized\other\trash1.jpg,other
dataset-resized\other\trash10.jpg,other
dataset-resized\other\trash100.jpg,other
dataset-resized\other\trash101.jpg,other
dataset-resized\other\trash102.jpg,other
dataset-resized\other\trash103.jpg,other
dataset-resized\other\trash104.jpg,other
dataset-resized\other\trash105.jpg,other
dataset-resized\other\trash106.jpg,other
dataset-resized\other\trash107.jpg,other
dataset-resized\other\trash108.jpg,other
dataset-resized\other\trash109.jpg,other
dataset-resized\other\trash11.jpg,other
dataset-resized\other\trash110.jpg,other
dataset-resized\other\trash111.jpg,other
dataset-resized\other\trash112.jpg,other
dataset-resized\other\trash113.jpg,other
dataset-resized\other\trash114.jpg,other
dataset-resized\other\trash115.jpg,other
dataset-resized\other\trash116.jpg,other
dataset-resized\other\trash117.jpg,other
dataset-resized\other\trash118.jpg,other
dataset-resized\other\trash119.jpg,other
dataset-resized\other\trash12.jpg,other
dataset-resized\other\trash120.jpg,other
dataset-resized\other\trash121.jpg,other
dataset-resized\other\trash122.jpg,other
dataset-resized\other\trash123.jpg,other
dataset-resized\other\trash124.jpg,other
dataset-resized\other\trash125.jpg,other
dataset-resized\other\trash126.jpg,other
dataset-resized\other\trash127.jpg,other
dataset-resized\other\trash128.jpg,other
dataset-resized\other\trash129.jpg,other
dataset-resized\other\trash13.jpg,other
dataset-resized\other\trash130.jpg,other
dataset-resized\other\trash131.jpg,other
dataset-resized\other\trash132.jpg,other
dataset-resized\other\trash133.jpg,other
dataset-resized\other\trash134.jpg,other
dataset-resized\other\trash135.jpg,other
dataset-resized\other\trash136.jpg,other
dataset-resized\other\trash137.jpg,other
dataset-resized\other\trash14.jpg,other
dataset-resized\other\trash15.jpg,other
dataset-resized\other\trash16.jpg,other
dataset-resized\other\trash17.jpg,other
dataset-resized\other\trash18.jpg,other
dataset-resized\other\trash19.jpg,other
dataset-resized\other\trash2.jpg,other
dataset-resized\other\trash20.jpg,other
dataset-resized\other\trash21.jpg,other
dataset-resized\other\trash22.jpg,other
dataset-resized\other\trash23.jpg,other
dataset-resized\other\trash24.jpg,other
dataset-resized\other\trash25.jpg,other
dataset-resized\other\trash26.jpg,other
dataset-resized\other\trash27.jpg,other
dataset-resized\other\trash28.jpg,other
dataset-resized\other\trash29.jpg,other
dataset-resized\other\trash3.jpg,other
dataset-resized\other\trash30.jpg,other
dataset-resized\other\trash31.jpg,other
dataset-resized\other\trash32.jpg,other
dataset-resized\other\trash33.jpg,other
dataset-resized\other\trash34.jpg,other
dataset-resized\other\trash35.jpg,other
dataset-resized\other\trash36.jpg,other
dataset-resized\other\trash37.jpg,other
dataset-resized\other\trash38.jpg,other
dataset-resized\other\trash39.jpg,other
dataset-resized\other\trash4.jpg,other
dataset-resized\other\trash40.jpg,other
dataset-resized\other\trash41.jpg,other
dataset-resized\other\trash42.jpg,other
dataset-resized\other\trash43.jpg,other
dataset-resized\other\trash44.jpg,other
dataset-resized\other\trash45.jpg,other
dataset-resized\other\trash46.jpg,other
dataset-resized\other\trash47.jpg,other
dataset-resized\other\trash48.jpg,other
dataset-resized\other\trash49.jpg,other
dataset-resized\other\trash5.jpg,other
dataset-resized\other\trash50.jpg,other
dataset-resized\other\trash51.jpg,other
dataset-resized\other\trash52.jpg,other
dataset-resized\other\trash53.jpg,other
dataset-resized\other\trash54.jpg,other
dataset-resized\other\trash55.jpg,other
dataset-resized\other\trash56.jpg,other
dataset-resized\other\trash57.jpg,other
dataset-resized\other\trash58.jpg,other
dataset-resized\other\trash59.jpg,other
dataset-resized\other\trash6.jpg,other
dataset-resized\other\trash60.jpg,other
dataset-resized\other\trash61.jpg,other
dataset-resized\other\trash62.jpg,other
dataset-resized\other\trash63.jpg,other
dataset-resized\other\trash64.jpg,other
dataset-resized\other\trash65.jpg,other
dataset-resized\other\trash66.jpg,other
dataset-resized\other\trash67.jpg,other
dataset-resized\other\trash68.jpg,other
dataset-resized\other\trash69.jpg,other
dataset-resized\other\trash7.jpg,other
dataset-resized\other\trash70.jpg,other
dataset-resized\other\trash71.jpg,other
dataset-resized\other\trash72.jpg,other
dataset-resized\other\trash73.jpg,other
dataset-resized\other\trash74.jpg,other
dataset-resized\other\trash75.jpg,other
dataset-resized\other\trash76.jpg,other
dataset-resized\other\trash77.jpg,other
dataset-resized\other\trash78.jpg,other
dataset-resized\other\trash79.jpg,other
dataset-resized\other\trash8.jpg,other
dataset-resized\other\trash80.jpg,other
dataset-resized\other\trash81.jpg,other
dataset-resized\other\trash82.jpg,other
dataset-resized\other\trash83.jpg,other
dataset-resized\other\trash84.jpg,other
dataset-resized\other\trash85.jpg,other
dataset-resized\other\trash86.jpg,other
dataset-resized\other\trash87.jpg,other
dataset-resized\other\trash88.jpg,other
dataset-resized\other\trash89.jpg,other
dataset-resized\other\trash9.jpg,other
dataset-resized\other\trash90.jpg,other
dataset-resized\other\trash91.jpg,other
dataset-resized\other\trash92.jpg,other
dataset-resized\other\trash93.jpg,other
dataset-resized\other\trash94.jpg,other
dataset-resized\other\trash95.jpg,other
dataset-resized\other\trash96.jpg,other
dataset-resized\other\trash97.jpg,other
dataset-resized\other\trash98.jpg,other
dataset-resized\other\trash99.jpg,other
dataset-resized\paper&cardboard\cardboard1.jpg,paper&cardboard
dataset-resized\paper&cardboard\cardboard10.jpg,paper&cardboard
dataset-resized\paper&cardboard\cardboard100.jpg,paper&cardboard
dataset-resized\paper&cardboard\cardboard101.jpg,paper&cardboard
dataset-resized\paper&cardboard\cardboard102.jpg,paper&cardboard
dataset-resized\paper&cardboard\cardboard103.jpg,paper&cardboard
dataset-resized\paper&cardboard\cardboard104.jpg,paper&cardboard
dataset-resized\paper&cardboard\cardboard105.jpg,paper&cardboard
dataset-resized\paper&cardboard\cardboard106.jpg,paper&cardboard
dataset-resized\paper&cardboard\cardboard107.jpg,paper&cardboard
dataset-resized\paper&cardboard\cardboard108.jpg,paper&cardboard
dataset-resized\paper&cardboard\cardboard109.jpg,paper&cardboard
dataset-resized\paper&cardboard\cardboard11.jpg,paper&cardboard
dataset-resized\paper&cardboard\cardboard110.jpg,paper&cardboard
dataset-resized\paper&cardboard\cardboard111.jpg,paper&cardboard
dataset-resized\paper&cardboard\cardboard112.jpg,paper&cardboard
dataset-resized\paper&cardboard\cardboard113.jpg,paper&cardboard
dataset-resized\paper&cardboard\cardboard114.jpg,paper&cardboard
dataset-resized\paper&cardboard\cardboard115.jpg,paper&cardboard
dataset-resized\paper&cardboard\cardboard116.jpg,paper&cardboard
dataset-resized\paper&cardboard\cardboard117.jpg,paper&cardboard
dataset-resized\paper&cardboard\cardboard118.jpg,paper&cardboard
dataset-resized\paper&cardboard\cardboard119.jpg,paper&cardboard
dataset-resized\paper&cardboard\cardboard12.jpg,paper&cardboard
dataset-resized\paper&cardboard\cardboard120.jpg,paper&cardboard
dataset-resized\paper&cardboard\cardboard121.jpg,paper&cardboard
dataset-resized\paper&cardboard\cardboard122.jpg,paper&cardboard
dataset-resized\paper&cardboard\cardboard123.jpg,paper&cardboard
dataset-resized\paper&cardboard\cardboard124.jpg,paper&cardboard
dataset-resized\paper&cardboard\cardboard125.jpg,paper&cardboard
dataset-resized\paper&cardboard\cardboard126.jpg,paper&cardboard
dataset-resized\paper&cardboard\cardboard127.jpg,paper&cardboard
dataset-resized\paper&cardboard\cardboard128.jpg,paper&cardboard
dataset-resized\paper&cardboard\cardboard129.jpg,paper&cardboard
dataset-resized\paper&cardboard\cardboard13.jpg,paper&cardboard
dataset-resized\paper&cardboard\cardboard130.jpg,paper&cardboard
dataset-resized\paper&cardboard\cardboard131.jpg,paper&cardboard
dataset-resized\paper&cardboard\cardboard132.jpg,paper&cardboard
dataset-resized\paper&cardboard\cardboard133.jpg,paper&cardboard
dataset-resized\paper&cardboard\cardboard134.jpg,paper&cardboard
dataset-resized\paper&cardboard\cardboard135.jpg,paper&cardboard
dataset-resized\paper&cardboard\cardboard136.jpg,paper&cardboard
dataset-resized\paper&cardboard\cardboard137.jpg,paper&cardboard
dataset-resized\paper&cardboard\cardboard138.jpg,paper&cardboard
dataset-resized\paper&cardboard\cardboard139.jpg,paper&cardboard
dataset-resized\paper&cardboard\cardboard14.jpg,paper&cardboard
dataset-resized\paper&cardboard\cardboard140.jpg,paper&cardboard
dataset-resized\paper&cardboard\cardboard141.jpg,paper&cardboard
dataset-resized\paper&cardboard\cardboard142.jpg,paper&cardboard
dataset-resized\paper&cardboard\cardboard143.jpg,paper&cardboard
dataset-resized\paper&cardboard\cardboard144.jpg,paper&cardboard
dataset-resized\paper&cardboard\cardboard145.jpg,paper&cardboard
dataset-resized\paper&cardboard\cardboard146.jpg,paper&cardboard
dataset-resized\paper&cardboard\cardboard147.jpg,paper&cardboard
dataset-resized\paper&cardboard\cardboard148.jpg,paper&cardboard
dataset-resized\paper&cardboard\cardboard149.jpg,paper&cardboard
dataset-resized\paper&cardboard\cardboard15.jpg,paper&cardboard
dataset-resized\paper&cardboard\cardboard150.jpg,paper&cardboard
dataset-resized\paper&cardboard\cardboard151.jpg,paper&cardboard
dataset-resized\paper&cardboard\cardboard152.jpg,paper&cardboard
dataset-resized\paper&cardboard\cardboard153.jpg,paper&cardboard
dataset-resized\paper&cardboard\cardboard154.jpg,paper&cardboard
dataset-resized\paper&cardboard\cardboard155.jpg,paper&cardboard
dataset-resized\paper&cardboard\cardboard156.jpg,paper&cardboard
dataset-resized\paper&cardboard\cardboard157.jpg,paper&cardboard
dataset-resized\paper&cardboard\cardboard158.jpg,paper&cardboard
dataset-resized\paper&cardboard\cardboard159.jpg,paper&cardboard
dataset-resized\paper&cardboard\cardboard16.jpg,paper&cardboard
dataset-resized\paper&cardboard\cardboard160.jpg,paper&cardboard
dataset-resized\paper&cardboard\cardboard161.jpg,paper&cardboard
dataset-resized\paper&cardboard\cardboard162.jpg,paper&cardboard
dataset-resized\paper&cardboard\cardboard163.jpg,paper&cardboard
dataset-resized\paper&cardboard\cardboard164.jpg,paper&cardboard
dataset-resized\paper&cardboard\cardboard165.jpg,paper&cardboard
dataset-resized\paper&cardboard\cardboard166.jpg,paper&cardboard
dataset-resized\paper&cardboard\cardboard167.jpg,paper&cardboard
dataset-resized\paper&cardboard\cardboard168.jpg,paper&cardboard
dataset-resized\paper&cardboard\cardboard169.jpg,paper&cardboard
dataset-resized\paper&cardboard\cardboard17.jpg,paper&cardboard
dataset-resized\paper&cardboard\cardboard170.jpg,paper&cardboard
dataset-resized\paper&cardboard\cardboard171.jpg,paper&cardboard
dataset-resized\paper&cardboard\cardboard172.jpg,paper&cardboard
dataset-resized\paper&cardboard\cardboard173.jpg,paper&cardboard
dataset-resized\paper&cardboard\cardboard174.jpg,paper&cardboard
dataset-resized\paper&cardboard\cardboard175.jpg,paper&cardboard
dataset-resized\paper&cardboard\cardboard176.jpg,paper&cardboard
dataset-resized\paper&cardboard\cardboard177.jpg,paper&cardboard
dataset-resized\paper&cardboard\cardboard178.jpg,paper&cardboard
dataset-resized\paper&cardboard\cardboard179.jpg,paper&cardboard
dataset-resized\paper&cardboard\cardboard18.jpg,paper&cardboard
dataset-resized\paper&cardboard\cardboard180.jpg,paper&cardboard
dataset-resized\paper&cardboard\cardboard181.jpg,paper&cardboard
dataset-resized\paper&cardboard\cardboard182.jpg,paper&cardboard
dataset-resized\paper&cardboard\cardboard183.jpg,paper&cardboard
dataset-resized\paper&cardboard\cardboard184.jpg,paper&cardboard
dataset-resized\paper&cardboard\cardboard185.jpg,paper&cardboard
dataset-resized\paper&cardboard\cardboard186.jpg,paper&cardboard
dataset-resized\paper&cardboard\cardboard187.jpg,paper&cardboard
dataset-resized\paper&cardboard\cardboard188.jpg,paper&cardboard
dataset-resized\paper&cardboard\cardboard189.jpg,paper&cardboard
dataset-resized\paper&cardboard\cardboard19.jpg,paper&cardboard
dataset-resized\paper&cardboard\cardboard190.jpg,paper&cardboard
dataset-resized\paper&cardboard\cardboard191.jpg,paper&cardboard
dataset-resized\paper&cardboard\cardboard192.jpg,paper&cardboard
dataset-resized\paper&cardboard\cardboard193.jpg,paper&cardboard
dataset-resized\paper&cardboard\cardboard194.jpg,paper&cardboard
dataset-resized\paper&cardboard\cardboard195.jpg,paper&cardboard
dataset-resized\paper&cardboard\cardboard196.jpg,paper&cardboard
dataset-resized\paper&cardboard\cardboard197.jpg,paper&cardboard
dataset-resized\paper&cardboard\cardboard198.jpg,paper&cardboard
dataset-resized\paper&cardboard\cardboard199.jpg,paper&cardboard
dataset-resized\paper&cardboard\cardboard2.jpg,paper&cardboard
dataset-resized\paper&cardboard\cardboard20.jpg,paper&cardboard
dataset-resized\paper&cardboard\cardboard200.jpg,paper&cardboard
dataset-resized\paper&cardboard\cardboard201.jpg,paper&cardboard
dataset-resized\paper&cardboard\cardboard202.jpg,paper&cardboard
dataset-resized\paper&cardboard\cardboard203.jpg,paper&cardboard
dataset-resized\paper&cardboard\cardboard204.jpg,paper&cardboard
dataset-resized\paper&cardboard\cardboard205.jpg,paper&cardboard
dataset-resized\paper&cardboard\cardboard206.jpg,paper&cardboard
dataset-resized\paper&cardboard\cardboard207.jpg,paper&cardboard
dataset-resized\paper&cardboard\cardboard208.jpg,paper&cardboard
dataset-resized\paper&cardboard\cardboard209.jpg,paper&cardboard
dataset-resized\paper&cardboard\cardboard21.jpg,paper&cardboard
dataset-resized\paper&cardboard\cardboard210.jpg,paper&cardboard
dataset-resized\paper&cardboard\cardboard211.jpg,paper&cardboard
dataset-resized\paper&cardboard\cardboard212.jpg,paper&cardboard
dataset-resized\paper&cardboard\cardboard213.jpg,paper&cardboard
dataset-resized\paper&cardboard\cardboard214.jpg,paper&cardboard
dataset-resized\paper&cardboard\cardboard215.jpg,paper&cardboard
dataset-resized\paper&cardboard\cardboard216.jpg,paper&cardboard
dataset-resized\paper&cardboard\cardboard217.jpg,paper&cardboard
dataset-resized\paper&cardboard\cardboard218.jpg,paper&cardboard
dataset-resized\paper&cardboard\cardboard219.jpg,paper&cardboard
dataset-resized\paper&cardboard\cardboard22.jpg,paper&cardboard
dataset-resized\paper&cardboard\cardboard220.jpg,paper&cardboard
dataset-resized\paper&cardboard\cardboard221.jpg,paper&cardboard
dataset-resized\paper&cardboard\cardboard222.jpg,paper&cardboard
dataset-resized\paper&cardboard\cardboard223.jpg,paper&cardboard
dataset-resized\paper&cardboard\cardboard224.jpg,paper&cardboard
dataset-resized\paper&cardboard\cardboard225.jpg,paper&cardboard
dataset-resized\paper&cardboard\cardboard226.jpg,paper&cardboard
dataset-resized\paper&cardboard\cardboard227.jpg,paper&cardboard
dataset-resized\paper&cardboard\cardboard228.jpg,paper&cardboard
dataset-resized\paper&cardboard\cardboard229.jpg,paper&cardboard
dataset-resized\paper&cardboard\cardboard23.jpg,paper&cardboard
dataset-resized\paper&cardboard\cardboard230.jpg,paper&cardboard
dataset-resized\paper&cardboard\cardboard231.jpg,paper&cardboard
dataset-resized\paper&cardboard\cardboard232.jpg,paper&cardboard
dataset-resized\paper&cardboard\cardboard233.jpg,paper&cardboard
dataset-resized\paper&cardboard\cardboard234.jpg,paper&cardboard
dataset-resized\paper&cardboard\cardboard235.jpg,paper&cardboard
dataset-resized\paper&cardboard\cardboard236.jpg,paper&cardboard
dataset-resized\paper&cardboard\cardboard237.jpg,paper&cardboard
dataset-resized\paper&cardboard\cardboard238.jpg,paper&cardboard
dataset-resized\paper&cardboard\cardboard239.jpg,paper&cardboard
dataset-resized\paper&cardboard\cardboard24.jpg,paper&cardboard
dataset-resized\paper&cardboard\cardboard240.jpg,paper&cardboard
dataset-resized\paper&cardboard\cardboard241.jpg,paper&cardboard
dataset-resized\paper&cardboard\cardboard242.jpg,paper&cardboard
dataset-resized\paper&cardboard\cardboard243.jpg,paper&cardboard
dataset-resized\paper&cardboard\cardboard244.jpg,paper&cardboard
dataset-resized\paper&cardboard\cardboard245.jpg,paper&cardboard
dataset-resized\paper&cardboard\cardboard246.jpg,paper&cardboard
dataset-resized\paper&cardboard\cardboard247.jpg,paper&cardboard
dataset-resized\paper&cardboard\cardboard248.jpg,paper&cardboard
dataset-resized\paper&cardboard\cardboard249.jpg,paper&cardboard
dataset-resized\paper&cardboard\cardboard25.jpg,paper&cardboard
dataset-resized\paper&cardboard\cardboard250.jpg,paper&cardboard
dataset-resized\paper&cardboard\cardboard251.jpg,paper&cardboard
dataset-resized\paper&cardboard\cardboard252.jpg,paper&cardboard
dataset-resized\paper&cardboard\cardboard253.jpg,paper&cardboard
dataset-resized\paper&cardboard\cardboard254.jpg,paper&cardboard
dataset-resized\paper&cardboard\cardboard255.jpg,paper&cardboard
dataset-resized\paper&cardboard\cardboard256.jpg,paper&cardboard
dataset-resized\paper&cardboard\cardboard257.jpg,paper&cardboard
dataset-resized\paper&cardboard\cardboard258.jpg,paper&cardboard
dataset-resized\paper&cardboard\cardboard259.jpg,paper&cardboard
dataset-resized\paper&cardboard\cardboard26.jpg,paper&cardboard
dataset-resized\paper&cardboard\cardboard260.jpg,paper&cardboard
dataset-resized\paper&cardboard\cardboard261.jpg,paper&cardboard
dataset-resized\paper&cardboard\cardboard262.jpg,paper&cardboard
dataset-resized\paper&cardboard\cardboard263.jpg,paper&cardboard
dataset-resized\paper&cardboard\cardboard264.jpg,paper&cardboard
dataset-resized\paper&cardboard\cardboard265.jpg,paper&cardboard
dataset-resized\paper&cardboard\cardboard266.jpg,paper&cardboard
dataset-resized\paper&cardboard\cardboard267.jpg,paper&cardboard
dataset-resized\paper&cardboard\cardboard268.jpg,paper&cardboard
dataset-resized\paper&cardboard\cardboard269.jpg,paper&cardboard
dataset-resized\paper&cardboard\cardboard27.jpg,paper&cardboard
dataset-resized\paper&cardboard\cardboard270.jpg,paper&cardboard
dataset-resized\paper&cardboard\cardboard271.jpg,paper&cardboard
dataset-resized\paper&cardboard\cardboard272.jpg,paper&cardboard
dataset-resized\paper&cardboard\cardboard273.jpg,paper&cardboard
dataset-resized\paper&cardboard\cardboard274.jpg,paper&cardboard
dataset-resized\paper&cardboard\cardboard275.jpg,paper&cardboard
dataset-resized\paper&cardboard\cardboard276.jpg,paper&cardboard
dataset-resized\paper&cardboard\cardboard277.jpg,paper&cardboard
dataset-resized\paper&cardboard\cardboard278.jpg,paper&cardboard
dataset-resized\paper&cardboard\cardboard279.jpg,paper&cardboard
dataset-resized\paper&cardboard\cardboard28.jpg,paper&cardboard
dataset-resized\paper&cardboard\cardboard280.jpg,paper&cardboard
dataset-resized\paper&cardboard\cardboard281.jpg,paper&cardboard
dataset-resized\paper&cardboard\cardboard282.jpg,paper&cardboard
dataset-resized\paper&cardboard\cardboard283.jpg,paper&cardboard
dataset-resized\paper&cardboard\cardboard284.jpg,paper&cardboard
dataset-resized\paper&cardboard\cardboard285.jpg,paper&cardboard
dataset-resized\paper&cardboard\cardboard286.jpg,paper&cardboard
dataset-resized\paper&cardboard\cardboard287.jpg,paper&cardboard
dataset-resized\paper&cardboard\cardboard288.jpg,paper&cardboard
dataset-resized\paper&cardboard\cardboard289.jpg,paper&cardboard
dataset-resized\paper&cardboard\cardboard29.jpg,paper&cardboard
dataset-resized\paper&cardboard\cardboard290.jpg,paper&cardboard
dataset-resized\paper&cardboard\cardboard291.jpg,paper&cardboard
dataset-resized\paper&cardboard\cardboard292.jpg,paper&cardboard
dataset-resized\paper&cardboard\cardboard293.jpg,paper&cardboard
dataset-resized\paper&cardboard\cardboard294.jpg,paper&cardboard
dataset-resized\paper&cardboard\cardboard295.jpg,paper&cardboard
dataset-resized\paper&cardboard\cardboard296.jpg,paper&cardboard
dataset-resized\paper&cardboard\cardboard297.jpg,paper&cardboard
dataset-resized\paper&cardboard\cardboard298.jpg,paper&cardboard
dataset-resized\paper&cardboard\cardboard299.jpg,paper&cardboard
dataset-resized\paper&cardboard\cardboard3.jpg,paper&cardboard
dataset-resized\paper&cardboard\cardboard30.jpg,paper&cardboard
dataset-resized\paper&cardboard\cardboard300.jpg,paper&cardboard
dataset-resized\paper&cardboard\cardboard301.jpg,paper&cardboard
dataset-resized\paper&cardboard\cardboard302.jpg,paper&cardboard
dataset-resized\paper&cardboard\cardboard303.jpg,paper&cardboard
dataset-resized\paper&cardboard\cardboard304.jpg,paper&cardboard
dataset-resized\paper&cardboard\cardboard305.jpg,paper&cardboard
dataset-resized\paper&cardboard\cardboard306.jpg,paper&cardboard
dataset-resized\paper&cardboard\cardboard307.jpg,paper&cardboard
dataset-resized\paper&cardboard\cardboard308.jpg,paper&cardboard
dataset-resized\paper&cardboard\cardboard309.jpg,paper&cardboard
dataset-resized\paper&cardboard\cardboard31.jpg,paper&cardboard
dataset-resized\paper&cardboard\cardboard310.jpg,paper&cardboard
dataset-resized\paper&cardboard\cardboard311.jpg,paper&cardboard
dataset-resized\paper&cardboard\cardboard312.jpg,paper&cardboard
dataset-resized\paper&cardboard\cardboard313.jpg,paper&cardboard
dataset-resized\paper&cardboard\cardboard314.jpg,paper&cardboard
dataset-resized\paper&cardboard\cardboard315.jpg,paper&cardboard
dataset-resized\paper&cardboard\cardboard316.jpg,paper&cardboard
dataset-resized\paper&cardboard\cardboard317.jpg,paper&cardboard
dataset-resized\paper&cardboard\cardboard318.jpg,paper&cardboard
dataset-resized\paper&cardboard\cardboard319.jpg,paper&cardboard
dataset-resized\paper&cardboard\cardboard32.jpg,paper&cardboard
dataset-resized\paper&cardboard\cardboard320.jpg,paper&cardboard
dataset-resized\paper&cardboard\cardboard321.jpg,paper&cardboard
dataset-resized\paper&cardboard\cardboard322.jpg,paper&cardboard
dataset-resized\paper&cardboard\cardboard323.jpg,paper&cardboard
dataset-resized\paper&cardboard\cardboard324.jpg,paper&cardboard
dataset-resized\paper&cardboard\cardboard325.jpg,paper&cardboard
dataset-resized\paper&cardboard\cardboard326.jpg,paper&cardboard
dataset-resized\paper&cardboard\cardboard327.jpg,paper&cardboard
dataset-resized\paper&cardboard\cardboard328.jpg,paper&cardboard
dataset-resized\paper&cardboard\cardboard329.jpg,paper&cardboard
dataset-resized\paper&cardboard\cardboard33.jpg,paper&cardboard
dataset-resized\paper&cardboard\cardboard330.jpg,paper&cardboard
dataset-resized\paper&cardboard\cardboard331.jpg,paper&cardboard
dataset-resized\paper&cardboard\cardboard332.jpg,paper&cardboard
dataset-resized\paper&cardboard\cardboard333.jpg,paper&cardboard
dataset-resized\paper&cardboard\cardboard334.jpg,paper&cardboard
dataset-resized\paper&cardboard\cardboard335.jpg,paper&cardboard
dataset-resized\paper&cardboard\cardboard336.jpg,paper&cardboard
dataset-resized\paper&cardboard\cardboard337.jpg,paper&cardboard
dataset-resized\paper&cardboard\cardboard338.jpg,paper&cardboard
dataset-resized\paper&cardboard\cardboard339.jpg,paper&cardboard
dataset-resized\paper&cardboard\cardboard34.jpg,paper&cardboard
dataset-resized\paper&cardboard\cardboard340.jpg,paper&cardboard
dataset-resized\paper&cardboard\cardboard341.jpg,paper&cardboard
dataset-resized\paper&cardboard\cardboard342.jpg,paper&cardboard
dataset-resized\paper&cardboard\cardboard343.jpg,paper&cardboard
dataset-resized\paper&cardboard\cardboard344.jpg,paper&cardboard
dataset-resized\paper&cardboard\cardboard345.jpg,paper&cardboard
dataset-resized\paper&cardboard\cardboard346.jpg,paper&cardboard
dataset-resized\paper&cardboard\cardboard347.jpg,paper&cardboard
dataset-resized\paper&cardboard\cardboard348.jpg,paper&cardboard
dataset-resized\paper&cardboard\cardboard349.jpg,paper&cardboard
dataset-resized\paper&cardboard\cardboard35.jpg,paper&cardboard
dataset-resized\paper&cardboard\cardboard350.jpg,paper&cardboard
dataset-resized\paper&cardboard\cardboard351.jpg,paper&cardboard
dataset-resized\paper&cardboard\cardboard352.jpg,paper&cardboard
dataset-resized\paper&cardboard\cardboard353.jpg,paper&cardboard
dataset-resized\paper&cardboard\cardboard354.jpg,paper&cardboard
dataset-resized\paper&cardboard\cardboard355.jpg,paper&cardboard
dataset-resized\paper&cardboard\cardboard356.jpg,paper&cardboard
dataset-resized\paper&cardboard\cardboard357.jpg,paper&cardboard
dataset-resized\paper&cardboard\cardboard358.jpg,paper&cardboard
dataset-resized\paper&cardboard\cardboard359.jpg,paper&cardboard
dataset-resized\paper&cardboard\cardboard36.jpg,paper&cardboard
dataset-resized\paper&cardboard\cardboard360.jpg,paper&cardboard
dataset-resized\paper&cardboard\cardboard361.jpg,paper&cardboard
dataset-resized\paper&cardboard\cardboard362.jpg,paper&cardboard
dataset-resized\paper&cardboard\cardboard363.jpg,paper&cardboard
dataset-resized\paper&cardboard\cardboard364.jpg,paper&cardboard
dataset-resized\paper&cardboard\cardboard365.jpg,paper&cardboard
dataset-resized\paper&cardboard\cardboard366.jpg,paper&cardboard
dataset-resized\paper&cardboard\cardboard367.jpg,paper&cardboard
dataset-resized\paper&cardboard\cardboard368.jpg,paper&cardboard
dataset-resized\paper&cardboard\cardboard369.jpg,paper&cardboard
dataset-resized\paper&cardboard\cardboard37.jpg,paper&cardboard
dataset-resized\paper&cardboard\cardboard370.jpg,paper&cardboard
dataset-resized\paper&cardboard\cardboard371.jpg,paper&cardboard
dataset-resized\paper&cardboard\cardboard372.jpg,paper&cardboard
dataset-resized\paper&cardboard\cardboard373.jpg,paper&cardboard
dataset-resized\paper&cardboard\cardboard374.jpg,paper&cardboard
dataset-resized\paper&cardboard\cardboard375.jpg,paper&cardboard
dataset-resized\paper&cardboard\cardboard376.jpg,paper&cardboard
dataset-resized\paper&cardboard\cardboard377.jpg,paper&cardboard
dataset-resized\paper&cardboard\cardboard378.jpg,paper&cardboard
dataset-resized\paper&cardboard\cardboard379.jpg,paper&cardboard
dataset-resized\paper&cardboard\cardboard38.jpg,paper&cardboard
dataset-resized\paper&cardboard\cardboard380.jpg,paper&cardboard
dataset-resized\paper&cardboard\cardboard381.jpg,paper&cardboard
dataset-resized\paper&cardboard\cardboard382.jpg,paper&cardboard
dataset-resized\paper&cardboard\cardboard383.jpg,paper&cardboard
dataset-resized\paper&cardboard\cardboard384.jpg,paper&cardboard
dataset-resized\paper&cardboard\cardboard385.jpg,paper&cardboard
dataset-resized\paper&cardboard\cardboard386.jpg,paper&cardboard
dataset-resized\paper&cardboard\cardboard387.jpg,paper&cardboard
dataset-resized\paper&cardboard\cardboard388.jpg,paper&cardboard
dataset-resized\paper&cardboard\cardboard389.jpg,paper&cardboard
dataset-resized\paper&cardboard\cardboard39.jpg,paper&cardboard
dataset-resized\paper&cardboard\cardboard390.jpg,paper&cardboard
dataset-resized\paper&cardboard\cardboard391.jpg,paper&cardboard
dataset-resized\paper&cardboard\cardboard392.jpg,paper&cardboard
dataset-resized\paper&cardboard\cardboard393.jpg,paper&cardboard
dataset-resized\paper&cardboard\cardboard394.jpg,paper&cardboard
dataset-resized\paper&cardboard\cardboard395.jpg,paper&cardboard
dataset-resized\paper&cardboard\cardboard396.jpg,paper&cardboard
dataset-resized\paper&cardboard\cardboard397.jpg,paper&cardboard
dataset-resized\paper&cardboard\cardboard398.jpg,paper&cardboard
dataset-resized\paper&cardboard\cardboard399.jpg,paper&cardboard
dataset-resized\paper&cardboard\cardboard4.jpg,paper&cardboard
dataset-resized\paper&cardboard\cardboard40.jpg,paper&cardboard
dataset-resized\paper&cardboard\cardboard400.jpg,paper&cardboard
dataset-resized\paper&cardboard\cardboard401.jpg,paper&cardboard
dataset-resized\paper&cardboard\cardboard402.jpg,paper&cardboard
dataset-resized\paper&cardboard\cardboard403.jpg,paper&cardboard
dataset-resized\paper&cardboard\cardboard41.jpg,paper&cardboard
dataset-resized\paper&cardboard\cardboard42.jpg,paper&cardboard
dataset-resized\paper&cardboard\cardboard43.jpg,paper&cardboard
dataset-resized\paper&cardboard\cardboard44.jpg,paper&cardboard
dataset-resized\paper&cardboard\cardboard45.jpg,paper&cardboard
dataset-resized\paper&cardboard\cardboard46.jpg,paper&cardboard
dataset-resized\paper&cardboard\cardboard47.jpg,paper&cardboard
dataset-resized\paper&cardboard\cardboard48.jpg,paper&cardboard
dataset-resized\paper&cardboard\cardboard49.jpg,paper&cardboard
dataset-resized\paper&cardboard\cardboard5.jpg,paper&cardboard
dataset-resized\paper&cardboard\cardboard50.jpg,paper&cardboard
dataset-resized\paper&cardboard\cardboard51.jpg,paper&cardboard
dataset-resized\paper&cardboard\cardboard52.jpg,paper&cardboard
dataset-resized\paper&cardboard\cardboard53.jpg,paper&cardboard
dataset-resized\paper&cardboard\cardboard54.jpg,paper&cardboard
dataset-resized\paper&cardboard\cardboard55.jpg,paper&cardboard
dataset-resized\paper&cardboard\cardboard56.jpg,paper&cardboard
dataset-resized\paper&cardboard\cardboard57.jpg,paper&cardboard
dataset-resized\paper&cardboard\cardboard58.jpg,paper&cardboard
dataset-resized\paper&cardboard\cardboard59.jpg,paper&cardboard
dataset-resized\paper&cardboard\cardboard6.jpg,paper&cardboard
dataset-resized\paper&cardboard\cardboard60.jpg,paper&cardboard
dataset-resized\paper&cardboard\cardboard61.jpg,paper&cardboard
dataset-resized\paper&cardboard\cardboard62.jpg,paper&cardboard
dataset-resized\paper&cardboard\cardboard63.jpg,paper&cardboard
dataset-resized\paper&cardboard\cardboard64.jpg,paper&cardboard
dataset-resized\paper&cardboard\cardboard65.jpg,paper&cardboard
dataset-resized\paper&cardboard\cardboard66.jpg,paper&cardboard
dataset-resized\paper&cardboard\cardboard67.jpg,paper&cardboard
dataset-resized\paper&cardboard\cardboard68.jpg,paper&cardboard
dataset-resized\paper&cardboard\cardboard69.jpg,paper&cardboard
dataset-resized\paper&cardboard\cardboard7.jpg,paper&cardboard
dataset-resized\paper&cardboard\cardboard70.jpg,paper&cardboard
dataset-resized\paper&cardboard\cardboard71.jpg,paper&cardboard
dataset-resized\paper&cardboard\cardboard72.jpg,paper&cardboard
dataset-resized\paper&cardboard\cardboard73.jpg,paper&cardboard
dataset-resized\paper&cardboard\cardboard74.jpg,paper&cardboard
dataset-resized\paper&cardboard\cardboard75.jpg,paper&cardboard
dataset-resized\paper&cardboard\cardboard76.jpg,paper&cardboard
dataset-resized\paper&cardboard\cardboard77.jpg,paper&cardboard
dataset-resized\paper&cardboard\cardboard78.jpg,paper&cardboard
dataset-resized\paper&cardboard\cardboard79.jpg,paper&cardboard
dataset-resized\paper&cardboard\cardboard8.jpg,paper&cardboard
dataset-resized\paper&cardboard\cardboard80.jpg,paper&cardboard
dataset-resized\paper&cardboard\cardboard81.jpg,paper&cardboard
dataset-resized\paper&cardboard\cardboard82.jpg,paper&cardboard
dataset-resized\paper&cardboard\cardboard83.jpg,paper&cardboard
dataset-resized\paper&cardboard\cardboard84.jpg,paper&cardboard
dataset-resized\paper&cardboard\cardboard85.jpg,paper&cardboard
dataset-resized\paper&cardboard\cardboard86.jpg,paper&cardboard
dataset-resized\paper&cardboard\cardboard87.jpg,paper&cardboard
dataset-resized\paper&cardboard\cardboard88.jpg,paper&cardboard
dataset-resized\paper&cardboard\cardboard89.jpg,paper&cardboard
dataset-resized\paper&cardboard\cardboard9.jpg,paper&cardboard
dataset-resized\paper&cardboard\cardboard90.jpg,paper&cardboard
dataset-resized\paper&cardboard\cardboard91.jpg,paper&cardboard
dataset-resized\paper&cardboard\cardboard92.jpg,paper&cardboard
dataset-resized\paper&cardboard\cardboard93.jpg,paper&cardboard
dataset-resized\paper&cardboard\cardboard94.jpg,paper&cardboard
dataset-resized\paper&cardboard\cardboard95.jpg,paper&cardboard
dataset-resized\paper&cardboard\cardboard96.jpg,paper&cardboard
dataset-resized\paper&cardboard\cardboard97.jpg,paper&cardboard
dataset-resized\paper&cardboard\cardboard98.jpg,paper&cardboard
dataset-resized\paper&cardboard\cardboard99.jpg,paper&cardboard
dataset-resized\paper&cardboard\paper1.jpg,paper&cardboard
dataset-resized\paper&cardboard\paper10.jpg,paper&cardboard
dataset-resized\paper&cardboard\paper100.jpg,paper&cardboard
dataset-resized\paper&cardboard\paper101.jpg,paper&cardboard
dataset-resized\paper&cardboard\paper102.jpg,paper&cardboard
dataset-resized\paper&cardboard\paper103.jpg,paper&cardboard
dataset-resized\paper&cardboard\paper104.jpg,paper&cardboard
dataset-resized\paper&cardboard\paper105.jpg,paper&cardboard
dataset-resized\paper&cardboard\paper106.jpg,paper&cardboard
dataset-resized\paper&cardboard\paper107.jpg,paper&cardboard
dataset-resized\paper&cardboard\paper108.jpg,paper&cardboard
dataset-resized\paper&cardboard\paper109.jpg,paper&cardboard
dataset-resized\paper&cardboard\paper11.jpg,paper&cardboard
dataset-resized\paper&cardboard\paper110.jpg,paper&cardboard
dataset-resized\paper&cardboard\paper111.jpg,paper&cardboard
dataset-resized\paper&cardboard\paper112.jpg,paper&cardboard
dataset-resized\paper&cardboard\paper113.jpg,paper&cardboard
dataset-resized\paper&cardboard\paper114.jpg,paper&cardboard
dataset-resized\paper&cardboard\paper115.jpg,paper&cardboard
dataset-resized\paper&cardboard\paper116.jpg,paper&cardboard
dataset-resized\paper&cardboard\paper117.jpg,paper&cardboard
dataset-resized\paper&cardboard\paper118.jpg,paper&cardboard
dataset-resized\paper&cardboard\paper119.jpg,paper&cardboard
dataset-resized\paper&cardboard\paper12.jpg,paper&cardboard
dataset-resized\paper&cardboard\paper120.jpg,paper&cardboard
dataset-resized\paper&cardboard\paper121.jpg,paper&cardboard
dataset-resized\paper&cardboard\paper122.jpg,paper&cardboard
dataset-resized\paper&cardboard\paper123.jpg,paper&cardboard
dataset-resized\paper&cardboard\paper124.jpg,paper&cardboard
dataset-resized\paper&cardboard\paper125.jpg,paper&cardboard
dataset-resized\paper&cardboard\paper126.jpg,paper&cardboard
dataset-resized\paper&cardboard\paper127.jpg,paper&cardboard
dataset-resized\paper&cardboard\paper128.jpg,paper&cardboard
dataset-resized\paper&cardboard\paper129.jpg,paper&cardboard
dataset-resized\paper&cardboard\paper13.jpg,paper&cardboard
dataset-resized\paper&cardboard\paper130.jpg,paper&cardboard
dataset-resized\paper&cardboard\paper131.jpg,paper&cardboard
dataset-resized\paper&cardboard\paper132.jpg,paper&cardboard
dataset-resized\paper&cardboard\paper133.jpg,paper&cardboard
dataset-resized\paper&cardboard\paper134.jpg,paper&cardboard
dataset-resized\paper&cardboard\paper135.jpg,paper&cardboard
dataset-resized\paper&cardboard\paper136.jpg,paper&cardboard
dataset-resized\paper&cardboard\paper137.jpg,paper&cardboard
dataset-resized\paper&cardboard\paper138.jpg,paper&cardboard
dataset-resized\paper&cardboard\paper139.jpg,paper&cardboard
dataset-resized\paper&cardboard\paper14.jpg,paper&cardboard
dataset-resized\paper&cardboard\paper140.jpg,paper&cardboard
dataset-resized\paper&cardboard\paper141.jpg,paper&cardboard
dataset-resized\paper&cardboard\paper142.jpg,paper&cardboard
dataset-resized\paper&cardboard\paper143.jpg,paper&cardboard
dataset-resized\paper&cardboard\paper144.jpg,paper&cardboard
dataset-resized\paper&cardboard\paper145.jpg,paper&cardboard
dataset-resized\paper&cardboard\paper146.jpg,paper&cardboard
dataset-resized\paper&cardboard\paper147.jpg,paper&cardboard
dataset-resized\paper&cardboard\paper148.jpg,paper&cardboard
dataset-resized\paper&cardboard\paper149.jpg,paper&cardboard
dataset-resized\paper&cardboard\paper15.jpg,paper&cardboard
dataset-resized\paper&cardboard\paper150.jpg,paper&cardboard
dataset-resized\paper&cardboard\paper151.jpg,paper&cardboard
dataset-resized\paper&cardboard\paper152.jpg,paper&cardboard
dataset-resized\paper&cardboard\paper153.jpg,paper&cardboard
dataset-resized\paper&cardboard\paper154.jpg,paper&cardboard
dataset-resized\paper&cardboard\paper155.jpg,paper&cardboard
dataset-resized\paper&cardboard\paper156.jpg,paper&cardboard
dataset-resized\paper&cardboard\paper157.jpg,paper&cardboard
dataset-resized\paper&cardboard\paper158.jpg,paper&cardboard
dataset-resized\paper&cardboard\paper159.jpg,paper&cardboard
dataset-resized\paper&cardboard\paper16.jpg,paper&cardboard
dataset-resized\paper&cardboard\paper160.jpg,paper&cardboard
dataset-resized\paper&cardboard\paper161.jpg,paper&cardboard
dataset-resized\paper&cardboard\paper162.jpg,paper&cardboard
dataset-resized\paper&cardboard\paper163.jpg,paper&cardboard
dataset-resized\paper&cardboard\paper164.jpg,paper&cardboard
dataset-resized\paper&cardboard\paper165.jpg,paper&cardboard
dataset-resized\paper&cardboard\paper166.jpg,paper&cardboard
dataset-resized\paper&cardboard\paper167.jpg,paper&cardboard
dataset-resized\paper&cardboard\paper168.jpg,paper&cardboard
dataset-resized\paper&cardboard\paper169.jpg,paper&cardboard
dataset-resized\paper&cardboard\paper17.jpg,paper&cardboard
dataset-resized\paper&cardboard\paper170.jpg,paper&cardboard
dataset-resized\paper&cardboard\paper171.jpg,paper&cardboard
dataset-resized\paper&cardboard\paper172.jpg,paper&cardboard
dataset-resized\paper&cardboard\paper173.jpg,paper&cardboard
dataset-resized\paper&cardboard\paper174.jpg,paper&cardboard
dataset-resized\paper&cardboard\paper175.jpg,paper&cardboard
dataset-resized\paper&cardboard\paper176.jpg,paper&cardboard
dataset-resized\paper&cardboard\paper177.jpg,paper&cardboard
dataset-resized\paper&cardboard\paper178.jpg,paper&cardboard
dataset-resized\paper&cardboard\paper179.jpg,paper&cardboard
dataset-resized\paper&cardboard\paper18.jpg,paper&cardboard
dataset-resized\paper&cardboard\paper180.jpg,paper&cardboard
dataset-resized\paper&cardboard\paper181.jpg,paper&cardboard
dataset-resized\paper&cardboard\paper182.jpg,paper&cardboard
dataset-resized\paper&cardboard\paper183.jpg,paper&cardboard
dataset-resized\paper&cardboard\paper184.jpg,paper&cardboard
dataset-resized\paper&cardboard\paper185.jpg,paper&cardboard
dataset-resized\paper&cardboard\paper186.jpg,paper&cardboard
dataset-resized\paper&cardboard\paper187.jpg,paper&cardboard
dataset-resized\paper&cardboard\paper188.jpg,paper&cardboard
dataset-resized\paper&cardboard\paper189.jpg,paper&cardboard
dataset-resized\paper&cardboard\paper19.jpg,paper&cardboard
dataset-resized\paper&cardboard\paper190.jpg,paper&cardboard
dataset-resized\paper&cardboard\paper191.jpg,paper&cardboard
dataset-resized\paper&cardboard\paper192.jpg,paper&cardboard
dataset-resized\paper&cardboard\paper193.jpg,paper&cardboard
dataset-resized\paper&cardboard\paper194.jpg,paper&cardboard
dataset-resized\paper&cardboard\paper195.jpg,paper&cardboard
dataset-resized\paper&cardboard\paper196.jpg,paper&cardboard
dataset-resized\paper&cardboard\paper197.jpg,paper&cardboard
dataset-resized\paper&cardboard\paper198.jpg,paper&cardboard
dataset-resized\paper&cardboard\paper199.jpg,paper&cardboard
dataset-resized\paper&cardboard\paper2.jpg,paper&cardboard
dataset-resized\paper&cardboard\paper20.jpg,paper&cardboard
dataset-resized\paper&cardboard\paper200.jpg,paper&cardboard
dataset-resized\paper&cardboard\paper201.jpg,paper&cardboard
dataset-resized\paper&cardboard\paper202.jpg,paper&cardboard
dataset-resized\paper&cardboard\paper203.jpg,paper&cardboard
dataset-resized\paper&cardboard\paper204.jpg,paper&cardboard
dataset-resized\paper&cardboard\paper205.jpg,paper&cardboard
dataset-resized\paper&cardboard\paper206.jpg,paper&cardboard
dataset-resized\paper&cardboard\paper207.jpg,paper&cardboard
dataset-resized\paper&cardboard\paper208.jpg,paper&cardboard
dataset-resized\paper&cardboard\paper209.jpg,paper&cardboard
dataset-resized\paper&cardboard\paper21.jpg,paper&cardboard
dataset-resized\paper&cardboard\paper210.jpg,paper&cardboard
dataset-resized\paper&cardboard\paper211.jpg,paper&cardboard
dataset-resized\paper&cardboard\paper212.jpg,paper&cardboard
dataset-resized\paper&cardboard\paper213.jpg,paper&cardboard
dataset-resized\paper&cardboard\paper214.jpg,paper&cardboard
dataset-resized\paper&cardboard\paper215.jpg,paper&cardboard
dataset-resized\paper&cardboard\paper216.jpg,paper&cardboard
dataset-resized\paper&cardboard\paper217.jpg,paper&cardboard
dataset-resized\paper&cardboard\paper218.jpg,paper&cardboard
dataset-resized\paper&cardboard\paper219.jpg,paper&cardboard
dataset-resized\paper&cardboard\paper22.jpg,paper&cardboard
dataset-resized\paper&cardboard\paper220.jpg,paper&cardboard
dataset-resized\paper&cardboard\paper221.jpg,paper&cardboard
dataset-resized\paper&cardboard\paper222.jpg,paper&cardboard
dataset-resized\paper&cardboard\paper223.jpg,paper&cardboard
dataset-resized\paper&cardboard\paper224.jpg,paper&cardboard
dataset-resized\paper&cardboard\paper225.jpg,paper&cardboard
dataset-resized\paper&cardboard\paper226.jpg,paper&cardboard
dataset-resized\paper&cardboard\paper227.jpg,paper&cardboard
dataset-resized\paper&cardboard\paper228.jpg,paper&cardboard
dataset-resized\paper&cardboard\paper229.jpg,paper&cardboard
dataset-resized\paper&cardboard\paper23.jpg,paper&cardboard
dataset-resized\paper&cardboard\paper230.jpg,paper&cardboard
dataset-resized\paper&cardboard\paper231.jpg,paper&cardboard
dataset-resized\paper&cardboard\paper232.jpg,paper&cardboard
dataset-resized\paper&cardboard\paper233.jpg,paper&cardboard
dataset-resized\paper&cardboard\paper234.jpg,paper&cardboard
dataset-resized\paper&cardboard\paper235.jpg,paper&cardboard
dataset-resized\paper&cardboard\paper236.jpg,paper&cardboard
dataset-resized\paper&cardboard\paper237.jpg,paper&cardboard
dataset-resized\paper&cardboard\paper238.jpg,paper&cardboard
dataset-resized\paper&cardboard\paper239.jpg,paper&cardboard
dataset-resized\paper&cardboard\paper24.jpg,paper&cardboard
dataset-resized\paper&cardboard\paper240.jpg,paper&cardboard
dataset-resized\paper&cardboard\paper241.jpg,paper&cardboard
dataset-resized\paper&cardboard\paper242.jpg,paper&cardboard
dataset-resized\paper&cardboard\paper243.jpg,paper&cardboard
dataset-resized\paper&cardboard\paper244.jpg,paper&cardboard
dataset-resized\paper&cardboard\paper245.jpg,paper&cardboard
dataset-resized\paper&cardboard\paper246.jpg,paper&cardboard
dataset-resized\paper&cardboard\paper247.jpg,paper&cardboard
dataset-resized\paper&cardboard\paper248.jpg,paper&cardboard
dataset-resized\paper&cardboard\paper249.jpg,paper&cardboard
dataset-resized\paper&cardboard\paper25.jpg,paper&cardboard
dataset-resized\paper&cardboard\paper250.jpg,paper&cardboard
dataset-resized\paper&cardboard\paper251.jpg,paper&cardboard
dataset-resized\paper&cardboard\paper252.jpg,paper&cardboard
dataset-resized\paper&cardboard\paper253.jpg,paper&cardboard
dataset-resized\paper&cardboard\paper254.jpg,paper&cardboard
dataset-resized\paper&cardboard\paper255.jpg,paper&cardboard
dataset-resized\paper&cardboard\paper256.jpg,paper&cardboard
dataset-resized\paper&cardboard\paper257.jpg,paper&cardboard
dataset-resized\paper&cardboard\paper258.jpg,paper&cardboard
dataset-resized\paper&cardboard\paper259.jpg,paper&cardboard
dataset-resized\paper&cardboard\paper26.jpg,paper&cardboard
dataset-resized\paper&cardboard\paper260.jpg,paper&cardboard
dataset-resized\paper&cardboard\paper261.jpg,paper&cardboard
dataset-resized\paper&cardboard\paper262.jpg,paper&cardboard
dataset-resized\paper&cardboard\paper263.jpg,paper&cardboard
dataset-resized\paper&cardboard\paper264.jpg,paper&cardboard
dataset-resized\paper&cardboard\paper265.jpg,paper&cardboard
dataset-resized\paper&cardboard\paper266.jpg,paper&cardboard
dataset-resized\paper&cardboard\paper267.jpg,paper&cardboard
dataset-resized\paper&cardboard\paper268.jpg,paper&cardboard
dataset-resized\paper&cardboard\paper269.jpg,paper&cardboard
dataset-resized\paper&cardboard\paper27.jpg,paper&cardboard
dataset-resized\paper&cardboard\paper270.jpg,paper&cardboard
dataset-resized\paper&cardboard\paper271.jpg,paper&cardboard
dataset-resized\paper&cardboard\paper272.jpg,paper&cardboard
dataset-resized\paper&cardboard\paper273.jpg,paper&cardboard
dataset-resized\paper&cardboard\paper274.jpg,paper&cardboard
dataset-resized\paper&cardboard\paper275.jpg,paper&cardboard
dataset-resized\paper&cardboard\paper276.jpg,paper&cardboard
dataset-resized\paper&cardboard\paper277.jpg,paper&cardboard
dataset-resized\paper&cardboard\paper278.jpg,paper&cardboard
dataset-resized\paper&cardboard\paper279.jpg,paper&cardboard
dataset-resized\paper&cardboard\paper28.jpg,paper&cardboard
dataset-resized\paper&cardboard\paper280.jpg,paper&cardboard
dataset-resized\paper&cardboard\paper281.jpg,paper&cardboard
dataset-resized\paper&cardboard\paper282.jpg,paper&cardboard
dataset-resized\paper&cardboard\paper283.jpg,paper&cardboard
dataset-resized\paper&cardboard\paper284.jpg,paper&cardboard
dataset-resized\paper&cardboard\paper285.jpg,paper&cardboard
dataset-resized\paper&cardboard\paper286.jpg,paper&cardboard
dataset-resized\paper&cardboard\paper287.jpg,paper&cardboard
dataset-resized\paper&cardboard\paper288.jpg,paper&cardboard
dataset-resized\paper&cardboard\paper289.jpg,paper&cardboard
dataset-resized\paper&cardboard\paper29.jpg,paper&cardboard
dataset-resized\paper&cardboard\paper290.jpg,paper&cardboard
dataset-resized\paper&cardboard\paper291.jpg,paper&cardboard
dataset-resized\paper&cardboard\paper292.jpg,paper&cardboard
dataset-resized\paper&cardboard\paper293.jpg,paper&cardboard
dataset-resized\paper&cardboard\paper294.jpg,paper&cardboard
dataset-resized\paper&cardboard\paper295.jpg,paper&cardboard
dataset-resized\paper&cardboard\paper296.jpg,paper&cardboard
dataset-resized\paper&cardboard\paper297.jpg,paper&cardboard
dataset-resized\paper&cardboard\paper298.jpg,paper&cardboard
dataset-resized\paper&cardboard\paper299.jpg,paper&cardboard
dataset-resized\paper&cardboard\paper3.jpg,paper&cardboard
dataset-resized\paper&cardboard\paper30.jpg,paper&cardboard
dataset-resized\paper&cardboard\paper300.jpg,paper&cardboard
dataset-resized\paper&cardboard\paper301.jpg,paper&cardboard
dataset-resized\paper&cardboard\paper302.jpg,paper&cardboard
dataset-resized\paper&cardboard\paper303.jpg,paper&cardboard
dataset-resized\paper&cardboard\paper304.jpg,paper&cardboard
dataset-resized\paper&cardboard\paper305.jpg,paper&cardboard
dataset-resized\paper&cardboard\paper306.jpg,paper&cardboard
dataset-resized\paper&cardboard\paper307.jpg,paper&cardboard
dataset-resized\paper&cardboard\paper308.jpg,paper&cardboard
dataset-resized\paper&cardboard\paper309.jpg,paper&cardboard
dataset-resized\paper&cardboard\paper31.jpg,paper&cardboard
dataset-resized\paper&cardboard\paper310.jpg,paper&cardboard
dataset-resized\paper&cardboard\paper311.jpg,paper&cardboard
dataset-resized\paper&cardboard\paper312.jpg,paper&cardboard
dataset-resized\paper&cardboard\paper313.jpg,paper&cardboard
dataset-resized\paper&cardboard\paper314.jpg,paper&cardboard
dataset-resized\paper&cardboard\paper315.jpg,paper&cardboard
dataset-resized\paper&cardboard\paper316.jpg,paper&cardboard
dataset-resized\paper&cardboard\paper317.jpg,paper&cardboard
dataset-resized\paper&cardboard\paper318.jpg,paper&cardboard
dataset-resized\paper&cardboard\paper319.jpg,paper&cardboard
dataset-resized\paper&cardboard\paper32.jpg,paper&cardboard
dataset-resized\paper&cardboard\paper320.jpg,paper&cardboard
dataset-resized\paper&cardboard\paper321.jpg,paper&cardboard
dataset-resized\paper&cardboard\paper322.jpg,paper&cardboard
dataset-resized\paper&cardboard\paper323.jpg,paper&cardboard
dataset-resized\paper&cardboard\paper324.jpg,paper&cardboard
dataset-resized\paper&cardboard\paper325.jpg,paper&cardboard
dataset-resized\paper&cardboard\paper326.jpg,paper&cardboard
dataset-resized\paper&cardboard\paper327.jpg,paper&cardboard
dataset-resized\paper&cardboard\paper328.jpg,paper&cardboard
dataset-resized\paper&cardboard\paper329.jpg,paper&cardboard
dataset-resized\paper&cardboard\paper33.jpg,paper&cardboard
dataset-resized\paper&cardboard\paper330.jpg,paper&cardboard
dataset-resized\paper&cardboard\paper331.jpg,paper&cardboard
dataset-resized\paper&cardboard\paper332.jpg,paper&cardboard
dataset-resized\paper&cardboard\paper333.jpg,paper&cardboard
dataset-resized\paper&cardboard\paper334.jpg,paper&cardboard
dataset-resized\paper&cardboard\paper335.jpg,paper&cardboard
dataset-resized\paper&cardboard\paper336.jpg,paper&cardboard
dataset-resized\paper&cardboard\paper337.jpg,paper&cardboard
dataset-resized\paper&cardboard\paper338.jpg,paper&cardboard
dataset-resized\paper&cardboard\paper339.jpg,paper&cardboard
dataset-resized\paper&cardboard\paper34.jpg,paper&cardboard
dataset-resized\paper&cardboard\paper340.jpg,paper&cardboard
dataset-resized\paper&cardboard\paper341.jpg,paper&cardboard
dataset-resized\paper&cardboard\paper342.jpg,paper&cardboard
dataset-resized\paper&cardboard\paper343.jpg,paper&cardboard
dataset-resized\paper&cardboard\paper344.jpg,paper&cardboard
dataset-resized\paper&cardboard\paper345.jpg,paper&cardboard
dataset-resized\paper&cardboard\paper346.jpg,paper&cardboard
dataset-resized\paper&cardboard\paper347.jpg,paper&cardboard
dataset-resized\paper&cardboard\paper348.jpg,paper&cardboard
dataset-resized\paper&cardboard\paper349.jpg,paper&cardboard
dataset-resized\paper&cardboard\paper35.jpg,paper&cardboard
dataset-resized\paper&cardboard\paper350.jpg,paper&cardboard
dataset-resized\paper&cardboard\paper351.jpg,paper&cardboard
dataset-resized\paper&cardboard\paper352.jpg,paper&cardboard
dataset-resized\paper&cardboard\paper353.jpg,paper&cardboard
dataset-resized\paper&cardboard\paper354.jpg,paper&cardboard
dataset-resized\paper&cardboard\paper355.jpg,paper&cardboard
dataset-resized\paper&cardboard\paper356.jpg,paper&cardboard
dataset-resized\paper&cardboard\paper357.jpg,paper&cardboard
dataset-resized\paper&cardboard\paper358.jpg,paper&cardboard
dataset-resized\paper&cardboard\paper359.jpg,paper&cardboard
dataset-resized\paper&cardboard\paper36.jpg,paper&cardboard
dataset-resized\paper&cardboard\paper360.jpg,paper&cardboard
dataset-resized\paper&cardboard\paper361.jpg,paper&cardboard
dataset-resized\paper&cardboard\paper362.jpg,paper&cardboard
dataset-resized\paper&cardboard\paper363.jpg,paper&cardboard
dataset-resized\paper&cardboard\paper364.jpg,paper&cardboard
dataset-resized\paper&cardboard\paper365.jpg,paper&cardboard
dataset-resized\paper&cardboard\paper366.jpg,paper&cardboard
dataset-resized\paper&cardboard\paper367.jpg,paper&cardboard
dataset-resized\paper&cardboard\paper368.jpg,paper&cardboard
dataset-resized\paper&cardboard\paper369.jpg,paper&cardboard
dataset-resized\paper&cardboard\paper37.jpg,paper&cardboard
dataset-resized\paper&cardboard\paper370.jpg,paper&cardboard
dataset-resized\paper&cardboard\paper371.jpg,paper&cardboard
dataset-resized\paper&cardboard\paper372.jpg,paper&cardboard
dataset-resized\paper&cardboard\paper373.jpg,paper&cardboard
dataset-resized\paper&cardboard\paper374.jpg,paper&cardboard
dataset-resized\paper&cardboard\paper375.jpg,paper&cardboard
dataset-resized\paper&cardboard\paper376.jpg,paper&cardboard
dataset-resized\paper&cardboard\paper377.jpg,paper&cardboard
dataset-resized\paper&cardboard\paper378.jpg,paper&cardboard
dataset-resized\paper&cardboard\paper379.jpg,paper&cardboard
dataset-resized\paper&cardboard\paper38.jpg,paper&cardboard
dataset-resized\paper&cardboard\paper380.jpg,paper&cardboard
dataset-resized\paper&cardboard\paper381.jpg,paper&cardboard
dataset-resized\paper&cardboard\paper382.jpg,paper&cardboard
dataset-resized\paper&cardboard\paper383.jpg,paper&cardboard
dataset-resized\paper&cardboard\paper384.jpg,paper&cardboard
dataset-resized\paper&cardboard\paper385.jpg,paper&cardboard
dataset-resized\paper&cardboard\paper386.jpg,paper&cardboard
dataset-resized\paper&cardboard\paper387.jpg,paper&cardboard
dataset-resized\paper&cardboard\paper388.jpg,paper&cardboard
dataset-resized\paper&cardboard\paper389.jpg,paper&cardboard
dataset-resized\paper&cardboard\paper39.jpg,paper&cardboard
dataset-resized\paper&cardboard\paper390.jpg,paper&cardboard
dataset-resized\paper&cardboard\paper391.jpg,paper&cardboard
dataset-resized\paper&cardboard\paper392.jpg,paper&cardboard
dataset-resized\paper&cardboard\paper393.jpg,paper&cardboard
dataset-resized\paper&cardboard\paper394.jpg,paper&cardboard
dataset-resized\paper&cardboard\paper395.jpg,paper&cardboard
dataset-resized\paper&cardboard\paper396.jpg,paper&cardboard
dataset-resized\paper&cardboard\paper397.jpg,paper&cardboard
dataset-resized\paper&cardboard\paper398.jpg,paper&cardboard
dataset-resized\paper&cardboard\paper399.jpg,paper&cardboard
dataset-resized\paper&cardboard\paper4.jpg,paper&cardboard
dataset-resized\paper&cardboard\paper40.jpg,paper&cardboard
dataset-resized\paper&cardboard\paper400.jpg,paper&cardboard
dataset-resized\paper&cardboard\paper401.jpg,paper&cardboard
dataset-resized\paper&cardboard\paper402.jpg,paper&cardboard
dataset-resized\paper&cardboard\paper403.jpg,paper&cardboard
dataset-resized\paper&cardboard\paper404.jpg,paper&cardboard
dataset-resized\paper&cardboard\paper405.jpg,paper&cardboard
dataset-resized\paper&cardboard\paper406.jpg,paper&cardboard
dataset-resized\paper&cardboard\paper407.jpg,paper&cardboard
dataset-resized\paper&cardboard\paper408.jpg,paper&cardboard
dataset-resized\paper&cardboard\paper409.jpg,paper&cardboard
dataset-resized\paper&cardboard\paper41.jpg,paper&cardboard
dataset-resized\paper&cardboard\paper410.jpg,paper&cardboard
dataset-resized\paper&cardboard\paper411.jpg,paper&cardboard
dataset-resized\paper&cardboard\paper412.jpg,paper&cardboard
dataset-resized\paper&cardboard\paper413.jpg,paper&cardboard
dataset-resized\paper&cardboard\paper414.jpg,paper&cardboard
dataset-resized\paper&cardboard\paper415.jpg,paper&cardboard
dataset-resized\paper&cardboard\paper416.jpg,paper&cardboard
dataset-resized\paper&cardboard\paper417.jpg,paper&cardboard
dataset-resized\paper&cardboard\paper418.jpg,paper&cardboard
dataset-resized\paper&cardboard\paper419.jpg,paper&cardboard
dataset-resized\paper&cardboard\paper42.jpg,paper&cardboard
dataset-resized\paper&cardboard\paper420.jpg,paper&cardboard
dataset-resized\paper&cardboard\paper421.jpg,paper&cardboard
dataset-resized\paper&cardboard\paper422.jpg,paper&cardboard
dataset-resized\paper&cardboard\paper423.jpg,paper&cardboard
dataset-resized\paper&cardboard\paper424.jpg,paper&cardboard
dataset-resized\paper&cardboard\paper425.jpg,paper&cardboard
dataset-resized\paper&cardboard\paper426.jpg,paper&cardboard
dataset-resized\paper&cardboard\paper427.jpg,paper&cardboard
dataset-resized\paper&cardboard\paper428.jpg,paper&cardboard
dataset-resized\paper&cardboard\paper429.jpg,paper&cardboard
dataset-resized\paper&cardboard\paper43.jpg,paper&cardboard
dataset-resized\paper&cardboard\paper430.jpg,paper&cardboard
dataset-resized\paper&cardboard\paper431.jpg,paper&cardboard
dataset-resized\paper&cardboard\paper432.jpg,paper&cardboard
dataset-resized\paper&cardboard\paper433.jpg,paper&cardboard
dataset-resized\paper&cardboard\paper434.jpg,paper&cardboard
dataset-resized\paper&cardboard\paper435.jpg,paper&cardboard
dataset-resized\paper&cardboard\paper436.jpg,paper&cardboard
dataset-resized\paper&cardboard\paper437.jpg,paper&cardboard
dataset-resized\paper&cardboard\paper438.jpg,paper&cardboard
dataset-resized\paper&cardboard\paper439.jpg,paper&cardboard
dataset-resized\paper&cardboard\paper44.jpg,paper&cardboard
dataset-resized\paper&cardboard\paper440.jpg,paper&cardboard
dataset-resized\paper&cardboard\paper441.jpg,paper&cardboard
dataset-resized\paper&cardboard\paper442.jpg,paper&cardboard
dataset-resized\paper&cardboard\paper443.jpg,paper&cardboard
dataset-resized\paper&cardboard\paper444.jpg,paper&cardboard
dataset-resized\paper&cardboard\paper445.jpg,paper&cardboard
dataset-resized\paper&cardboard\paper446.jpg,paper&cardboard
dataset-resized\paper&cardboard\paper447.jpg,paper&cardboard
dataset-resized\paper&cardboard\paper448.jpg,paper&cardboard
dataset-resized\paper&cardboard\paper449.jpg,paper&cardboard
dataset-resized\paper&cardboard\paper45.jpg,paper&cardboard
dataset-resized\paper&cardboard\paper450.jpg,paper&cardboard
dataset-resized\paper&cardboard\paper451.jpg,paper&cardboard
dataset-resized\paper&cardboard\paper452.jpg,paper&cardboard
dataset-resized\paper&cardboard\paper453.jpg,paper&cardboard
dataset-resized\paper&cardboard\paper454.jpg,paper&cardboard
dataset-resized\paper&cardboard\paper455.jpg,paper&cardboard
dataset-resized\paper&cardboard\paper456.jpg,paper&cardboard
dataset-resized\paper&cardboard\paper457.jpg,paper&cardboard
dataset-resized\paper&cardboard\paper458.jpg,paper&cardboard
dataset-resized\paper&cardboard\paper459.jpg,paper&cardboard
dataset-resized\paper&cardboard\paper46.jpg,paper&cardboard
dataset-resized\paper&cardboard\paper460.jpg,paper&cardboard
dataset-resized\paper&cardboard\paper461.jpg,paper&cardboard
dataset-resized\paper&cardboard\paper462.jpg,paper&cardboard
dataset-resized\paper&cardboard\paper463.jpg,paper&cardboard
dataset-resized\paper&cardboard\paper464.jpg,paper&cardboard
dataset-resized\paper&cardboard\paper465.jpg,paper&cardboard
dataset-resized\paper&cardboard\paper466.jpg,paper&cardboard
dataset-resized\paper&cardboard\paper467.jpg,paper&cardboard
dataset-resized\paper&cardboard\paper468.jpg,paper&cardboard
dataset-resized\paper&cardboard\paper469.jpg,paper&cardboard
dataset-resized\paper&cardboard\paper47.jpg,paper&cardboard
dataset-resized\paper&cardboard\paper470.jpg,paper&cardboard
dataset-resized\paper&cardboard\paper471.jpg,paper&cardboard
dataset-resized\paper&cardboard\paper472.jpg,paper&cardboard
dataset-resized\paper&cardboard\paper473.jpg,paper&cardboard
dataset-resized\paper&cardboard\paper474.jpg,paper&cardboard
dataset-resized\paper&cardboard\paper475.jpg,paper&cardboard
dataset-resized\paper&cardboard\paper476.jpg,paper&cardboard
dataset-resized\paper&cardboard\paper477.jpg,paper&cardboard
dataset-resized\paper&cardboard\paper478.jpg,paper&cardboard
dataset-resized\paper&cardboard\paper479.jpg,paper&cardboard
dataset-resized\paper&cardboard\paper48.jpg,paper&cardboard
dataset-resized\paper&cardboard\paper480.jpg,paper&cardboard
dataset-resized\paper&cardboard\paper481.jpg,paper&cardboard
dataset-resized\paper&cardboard\paper482.jpg,paper&cardboard
dataset-resized\paper&cardboard\paper483.jpg,paper&cardboard
dataset-resized\paper&cardboard\paper484.jpg,paper&cardboard
dataset-resized\paper&cardboard\paper485.jpg,paper&cardboard
dataset-resized\paper&cardboard\paper486.jpg,paper&cardboard
dataset-resized\paper&cardboard\paper487.jpg,paper&cardboard
dataset-resized\paper&cardboard\paper488.jpg,paper&cardboard
dataset-resized\paper&cardboard\paper489.jpg,paper&cardboard
dataset-resized\paper&cardboard\paper49.jpg,paper&cardboard
dataset-resized\paper&cardboard\paper490.jpg,paper&cardboard
dataset-resized\paper&cardboard\paper491.jpg,paper&cardboard
dataset-resized\paper&cardboard\paper492.jpg,paper&cardboard
dataset-resized\paper&cardboard\paper493.jpg,paper&cardboard
dataset-resized\paper&cardboard\paper494.jpg,paper&cardboard
dataset-resized\paper&cardboard\paper495.jpg,paper&cardboard
dataset-resized\paper&cardboard\paper496.jpg,paper&cardboard
dataset-resized\paper&cardboard\paper497.jpg,paper&cardboard
dataset-resized\paper&cardboard\paper498.jpg,paper&cardboard
dataset-resized\paper&cardboard\paper499.jpg,paper&cardboard
dataset-resized\paper&cardboard\paper5.jpg,paper&cardboard
dataset-resized\paper&cardboard\paper50.jpg,paper&cardboard
dataset-resized\paper&cardboard\paper500.jpg,paper&cardboard
dataset-resized\paper&cardboard\paper501.jpg,paper&cardboard
dataset-resized\paper&cardboard\paper502.jpg,paper&cardboard
dataset-resized\paper&cardboard\paper503.jpg,paper&cardboard
dataset-resized\paper&cardboard\paper504.jpg,paper&cardboard
dataset-resized\paper&cardboard\paper505.jpg,paper&cardboard
dataset-resized\paper&cardboard\paper506.jpg,paper&cardboard
dataset-resized\paper&cardboard\paper507.jpg,paper&cardboard
dataset-resized\paper&cardboard\paper508.jpg,paper&cardboard
dataset-resized\paper&cardboard\paper509.jpg,paper&cardboard
dataset-resized\paper&cardboard\paper51.jpg,paper&cardboard
dataset-resized\paper&cardboard\paper510.jpg,paper&cardboard
dataset-resized\paper&cardboard\paper511.jpg,paper&cardboard
dataset-resized\paper&cardboard\paper512.jpg,paper&cardboard
dataset-resized\paper&cardboard\paper513.jpg,paper&cardboard
dataset-resized\paper&cardboard\paper514.jpg,paper&cardboard
dataset-resized\paper&cardboard\paper515.jpg,paper&cardboard
dataset-resized\paper&cardboard\paper516.jpg,paper&cardboard
dataset-resized\paper&cardboard\paper517.jpg,paper&cardboard
dataset-resized\paper&cardboard\paper518.jpg,paper&cardboard
dataset-resized\paper&cardboard\paper519.jpg,paper&cardboard
dataset-resized\paper&cardboard\paper52.jpg,paper&cardboard
dataset-resized\paper&cardboard\paper520.jpg,paper&cardboard
dataset-resized\paper&cardboard\paper521.jpg,paper&cardboard
dataset-resized\paper&cardboard\paper522.jpg,paper&cardboard
dataset-resized\paper&cardboard\paper523.jpg,paper&cardboard
dataset-resized\paper&cardboard\paper524.jpg,paper&cardboard
dataset-resized\paper&cardboard\paper525.jpg,paper&cardboard
dataset-resized\paper&cardboard\paper526.jpg,paper&cardboard
dataset-resized\paper&cardboard\paper527.jpg,paper&cardboard
dataset-resized\paper&cardboard\paper528.jpg,paper&cardboard
dataset-resized\paper&cardboard\paper529.jpg,paper&cardboard
dataset-resized\paper&cardboard\paper53.jpg,paper&cardboard
dataset-resized\paper&cardboard\paper530.jpg,paper&cardboard
dataset-resized\paper&cardboard\paper531.jpg,paper&cardboard
dataset-resized\paper&cardboard\paper532.jpg,paper&cardboard
dataset-resized\paper&cardboard\paper533.jpg,paper&cardboard
dataset-resized\paper&cardboard\paper534.jpg,paper&cardboard
dataset-resized\paper&cardboard\paper535.jpg,paper&cardboard
dataset-resized\paper&cardboard\paper536.jpg,paper&cardboard
dataset-resized\paper&cardboard\paper537.jpg,paper&cardboard
dataset-resized\paper&cardboard\paper538.jpg,paper&cardboard
dataset-resized\paper&cardboard\paper539.jpg,paper&cardboard
dataset-resized\paper&cardboard\paper54.jpg,paper&cardboard
dataset-resized\paper&cardboard\paper540.jpg,paper&cardboard
dataset-resized\paper&cardboard\paper541.jpg,paper&cardboard
dataset-resized\paper&cardboard\paper542.jpg,paper&cardboard
dataset-resized\paper&cardboard\paper543.jpg,paper&cardboard
dataset-resized\paper&cardboard\paper544.jpg,paper&cardboard
dataset-resized\paper&cardboard\paper545.jpg,paper&cardboard
dataset-resized\paper&cardboard\paper546.jpg,paper&cardboard
dataset-resized\paper&cardboard\paper547.jpg,paper&cardboard
dataset-resized\paper&cardboard\paper548.jpg,paper&cardboard
dataset-resized\paper&cardboard\paper549.jpg,paper&cardboard
dataset-resized\paper&cardboard\paper55.jpg,paper&cardboard
dataset-resized\paper&cardboard\paper550.jpg,paper&cardboard
dataset-resized\paper&cardboard\paper551.jpg,paper&cardboard
dataset-resized\paper&cardboard\paper552.jpg,paper&cardboard
dataset-resized\paper&cardboard\paper553.jpg,paper&cardboard
dataset-resized\paper&cardboard\paper554.jpg,paper&cardboard
dataset-resized\paper&cardboard\paper555.jpg,paper&cardboard
dataset-resized\paper&cardboard\paper556.jpg,paper&cardboard
dataset-resized\paper&cardboard\paper557.jpg,paper&cardboard
dataset-resized\paper&cardboard\paper558.jpg,paper&cardboard
dataset-resized\paper&cardboard\paper559.jpg,paper&cardboard
dataset-resized\paper&cardboard\paper56.jpg,paper&cardboard
dataset-resized\paper&cardboard\paper560.jpg,paper&cardboard
dataset-resized\paper&cardboard\paper561.jpg,paper&cardboard
dataset-resized\paper&cardboard\paper562.jpg,paper&cardboard
dataset-resized\paper&cardboard\paper563.jpg,paper&cardboard
dataset-resized\paper&cardboard\paper564.jpg,paper&cardboard
dataset-resized\paper&cardboard\paper565.jpg,paper&cardboard
dataset-resized\paper&cardboard\paper566.jpg,paper&cardboard
dataset-resized\paper&cardboard\paper567.jpg,paper&cardboard
dataset-resized\paper&cardboard\paper568.jpg,paper&cardboard
dataset-resized\paper&cardboard\paper569.jpg,paper&cardboard
dataset-resized\paper&cardboard\paper57.jpg,paper&cardboard
dataset-resized\paper&cardboard\paper570.jpg,paper&cardboard
dataset-resized\paper&cardboard\paper571.jpg,paper&cardboard
dataset-resized\paper&cardboard\paper572.jpg,paper&cardboard
dataset-resized\paper&cardboard\paper573.jpg,paper&cardboard
dataset-resized\paper&cardboard\paper574.jpg,paper&cardboard
dataset-resized\paper&cardboard\paper575.jpg,paper&cardboard
dataset-resized\paper&cardboard\paper576.jpg,paper&cardboard
dataset-resized\paper&cardboard\paper577.jpg,paper&cardboard
dataset-resized\paper&cardboard\paper578.jpg,paper&cardboard
dataset-resized\paper&cardboard\paper579.jpg,paper&cardboard
dataset-resized\paper&cardboard\paper58.jpg,paper&cardboard
dataset-resized\paper&cardboard\paper580.jpg,paper&cardboard
dataset-resized\paper&cardboard\paper581.jpg,paper&cardboard
dataset-resized\paper&cardboard\paper582.jpg,paper&cardboard
dataset-resized\paper&cardboard\paper583.jpg,paper&cardboard
dataset-resized\paper&cardboard\paper584.jpg,paper&cardboard
dataset-resized\paper&cardboard\paper585.jpg,paper&cardboard
dataset-resized\paper&cardboard\paper586.jpg,paper&cardboard
dataset-resized\paper&cardboard\paper587.jpg,paper&cardboard
dataset-resized\paper&cardboard\paper588.jpg,paper&cardboard
dataset-resized\paper&cardboard\paper589.jpg,paper&cardboard
dataset-resized\paper&cardboard\paper59.jpg,paper&cardboard
dataset-resized\paper&cardboard\paper590.jpg,paper&cardboard
dataset-resized\paper&cardboard\paper591.jpg,paper&cardboard
dataset-resized\paper&cardboard\paper592.jpg,paper&cardboard
dataset-resized\paper&cardboard\paper593.jpg,paper&cardboard
dataset-resized\paper&cardboard\paper594.jpg,paper&cardboard
dataset-resized\paper&cardboard\paper6.jpg,paper&cardboard
dataset-resized\paper&cardboard\paper60.jpg,paper&cardboard
dataset-resized\paper&cardboard\paper61.jpg,paper&cardboard
dataset-resized\paper&cardboard\paper62.jpg,paper&cardboard
dataset-resized\paper&cardboard\paper63.jpg,paper&cardboard
dataset-resized\paper&cardboard\paper64.jpg,paper&cardboard
dataset-resized\paper&cardboard\paper65.jpg,paper&cardboard
dataset-resized\paper&cardboard\paper66.jpg,paper&cardboard
dataset-resized\paper&cardboard\paper67.jpg,paper&cardboard
dataset-resized\paper&cardboard\paper68.jpg,paper&cardboard
dataset-resized\paper&cardboard\paper69.jpg,paper&cardboard
dataset-resized\paper&cardboard\paper7.jpg,paper&cardboard
dataset-resized\paper&cardboard\paper70.jpg,paper&cardboard
dataset-resized\paper&cardboard\paper71.jpg,paper&cardboard
dataset-resized\paper&cardboard\paper72.jpg,paper&cardboard
dataset-resized\paper&cardboard\paper73.jpg,paper&cardboard
dataset-resized\paper&cardboard\paper74.jpg,paper&cardboard
dataset-resized\paper&cardboard\paper75.jpg,paper&cardboard
dataset-resized\paper&cardboard\paper76.jpg,paper&cardboard
dataset-resized\paper&cardboard\paper77.jpg,paper&cardboard
dataset-resized\paper&cardboard\paper78.jpg,paper&cardboard
dataset-resized\paper&cardboard\paper79.jpg,paper&cardboard
dataset-resized\paper&cardboard\paper8.jpg,paper&cardboard
dataset-resized\paper&cardboard\paper80.jpg,paper&cardboard
dataset-resized\paper&cardboard\paper81.jpg,paper&cardboard
dataset-resized\paper&cardboard\paper82.jpg,paper&cardboard
dataset-resized\paper&cardboard\paper83.jpg,paper&cardboard
dataset-resized\paper&cardboard\paper84.jpg,paper&cardboard
dataset-resized\paper&cardboard\paper85.jpg,paper&cardboard
dataset-resized\paper&cardboard\paper86.jpg,paper&cardboard
dataset-resized\paper&cardboard\paper87.jpg,paper&cardboard
dataset-resized\paper&cardboard\paper88.jpg,paper&cardboard
dataset-resized\paper&cardboard\paper89.jpg,paper&cardboard
dataset-resized\paper&cardboard\paper9.jpg,paper&cardboard
dataset-resized\paper&cardboard\paper90.jpg,paper&cardboard
dataset-resized\paper&cardboard\paper91.jpg,paper&cardboard
dataset-resized\paper&cardboard\paper92.jpg,paper&cardboard
dataset-resized\paper&cardboard\paper93.jpg,paper&cardboard
dataset-resized\paper&cardboard\paper94.jpg,paper&cardboard
dataset-resized\paper&cardboard\paper95.jpg,paper&cardboard
dataset-resized\paper&cardboard\paper96.jpg,paper&cardboard
dataset-resized\paper&cardboard\paper97.jpg,paper&cardboard
dataset-resized\paper&cardboard\paper98.jpg,paper&cardboard
dataset-resized\paper&cardboard\paper99.jpg,paper&cardboard
dataset-resized\plastic\plastic1.jpg,plastic
dataset-resized\plastic\plastic10.jpg,plastic
dataset-resized\plastic\plastic100.jpg,plastic
dataset-resized\plastic\plastic101.jpg,plastic
dataset-resized\plastic\plastic102.jpg,plastic
dataset-resized\plastic\plastic103.jpg,plastic
dataset-resized\plastic\plastic104.jpg,plastic
dataset-resized\plastic\plastic105.jpg,plastic
dataset-resized\plastic\plastic106.jpg,plastic
dataset-resized\plastic\plastic107.jpg,plastic
dataset-resized\plastic\plastic108.jpg,plastic
dataset-resized\plastic\plastic109.jpg,plastic
dataset-resized\plastic\plastic11.jpg,plastic
dataset-resized\plastic\plastic110.jpg,plastic
dataset-resized\plastic\plastic111.jpg,plastic
dataset-resized\plastic\plastic112.jpg,plastic
dataset-resized\plastic\plastic113.jpg,plastic
dataset-resized\plastic\plastic114.jpg,plastic
dataset-resized\plastic\plastic115.jpg,plastic
dataset-resized\plastic\plastic116.jpg,plastic
dataset-resized\plastic\plastic117.jpg,plastic
dataset-resized\plastic\plastic118.jpg,plastic
dataset-resized\plastic\plastic119.jpg,plastic
dataset-resized\plastic\plastic12.jpg,plastic
dataset-resized\plastic\plastic120.jpg,plastic
dataset-resized\plastic\plastic121.jpg,plastic
dataset-resized\plastic\plastic122.jpg,plastic
dataset-resized\plastic\plastic123.jpg,plastic
dataset-resized\plastic\plastic124.jpg,plastic
dataset-resized\plastic\plastic125.jpg,plastic
dataset-resized\plastic\plastic126.jpg,plastic
dataset-resized\plastic\plastic127.jpg,plastic
dataset-resized\plastic\plastic128.jpg,plastic
dataset-resized\plastic\plastic129.jpg,plastic
dataset-resized\plastic\plastic13.jpg,plastic
dataset-resized\plastic\plastic130.jpg,plastic
dataset-resized\plastic\plastic131.jpg,plastic
dataset-resized\plastic\plastic132.jpg,plastic
dataset-resized\plastic\plastic133.jpg,plastic
dataset-resized\plastic\plastic134.jpg,plastic
dataset-resized\plastic\plastic135.jpg,plastic
dataset-resized\plastic\plastic136.jpg,plastic
dataset-resized\plastic\plastic137.jpg,plastic
dataset-resized\plastic\plastic138.jpg,plastic
dataset-resized\plastic\plastic139.jpg,plastic
dataset-resized\plastic\plastic14.jpg,plastic
dataset-resized\plastic\plastic140.jpg,plastic
dataset-resized\plastic\plastic141.jpg,plastic
dataset-resized\plastic\plastic142.jpg,plastic
dataset-resized\plastic\plastic143.jpg,plastic
dataset-resized\plastic\plastic144.jpg,plastic
dataset-resized\plastic\plastic145.jpg,plastic
dataset-resized\plastic\plastic146.jpg,plastic
dataset-resized\plastic\plastic147.jpg,plastic
dataset-resized\plastic\plastic148.jpg,plastic
dataset-resized\plastic\plastic149.jpg,plastic
dataset-resized\plastic\plastic15.jpg,plastic
dataset-resized\plastic\plastic150.jpg,plastic
dataset-resized\plastic\plastic151.jpg,plastic
dataset-resized\plastic\plastic152.jpg,plastic
dataset-resized\plastic\plastic153.jpg,plastic
dataset-resized\plastic\plastic154.jpg,plastic
dataset-resized\plastic\plastic155.jpg,plastic
dataset-resized\plastic\plastic156.jpg,plastic
dataset-resized\plastic\plastic157.jpg,plastic
dataset-resized\plastic\plastic158.jpg,plastic
dataset-resized\plastic\plastic159.jpg,plastic
dataset-resized\plastic\plastic16.jpg,plastic
dataset-resized\plastic\plastic160.jpg,plastic
dataset-resized\plastic\plastic161.jpg,plastic
dataset-resized\plastic\plastic162.jpg,plastic
dataset-resized\plastic\plastic163.jpg,plastic
dataset-resized\plastic\plastic164.jpg,plastic
dataset-resized\plastic\plastic165.jpg,plastic
dataset-resized\plastic\plastic166.jpg,plastic
dataset-resized\plastic\plastic167.jpg,plastic
dataset-resized\plastic\plastic168.jpg,plastic
dataset-resized\plastic\plastic169.jpg,plastic
dataset-resized\plastic\plastic17.jpg,plastic
dataset-resized\plastic\plastic170.jpg,plastic
dataset-resized\plastic\plastic171.jpg,plastic
dataset-resized\plastic\plastic172.jpg,plastic
dataset-resized\plastic\plastic173.jpg,plastic
dataset-resized\plastic\plastic174.jpg,plastic
dataset-resized\plastic\plastic175.jpg,plastic
dataset-resized\plastic\plastic176.jpg,plastic
dataset-resized\plastic\plastic177.jpg,plastic
dataset-resized\plastic\plastic178.jpg,plastic
dataset-resized\plastic\plastic179.jpg,plastic
dataset-resized\plastic\plastic18.jpg,plastic
dataset-resized\plastic\plastic180.jpg,plastic
dataset-resized\plastic\plastic181.jpg,plastic
dataset-resized\plastic\plastic182.jpg,plastic
dataset-resized\plastic\plastic183.jpg,plastic
dataset-resized\plastic\plastic184.jpg,plastic
dataset-resized\plastic\plastic185.jpg,plastic
dataset-resized\plastic\plastic186.jpg,plastic
dataset-resized\plastic\plastic187.jpg,plastic
dataset-resized\plastic\plastic188.jpg,plastic
dataset-resized\plastic\plastic189.jpg,plastic
dataset-resized\plastic\plastic19.jpg,plastic
dataset-resized\plastic\plastic190.jpg,plastic
dataset-resized\plastic\plastic191.jpg,plastic
dataset-resized\plastic\plastic192.jpg,plastic
dataset-resized\plastic\plastic193.jpg,plastic
dataset-resized\plastic\plastic194.jpg,plastic
dataset-resized\plastic\plastic195.jpg,plastic
dataset-resized\plastic\plastic196.jpg,plastic
dataset-resized\plastic\plastic197.jpg,plastic
dataset-resized\plastic\plastic198.jpg,plastic
dataset-resized\plastic\plastic199.jpg,plastic
dataset-resized\plastic\plastic2.jpg,plastic
dataset-resized\plastic\plastic20.jpg,plastic
dataset-resized\plastic\plastic200.jpg,plastic
dataset-resized\plastic\plastic201.jpg,plastic
dataset-resized\plastic\plastic202.jpg,plastic
dataset-resized\plastic\plastic203.jpg,plastic
dataset-resized\plastic\plastic204.jpg,plastic
dataset-resized\plastic\plastic205.jpg,plastic
dataset-resized\plastic\plastic206.jpg,plastic
dataset-resized\plastic\plastic207.jpg,plastic
dataset-resized\plastic\plastic208.jpg,plastic
dataset-resized\plastic\plastic209.jpg,plastic
dataset-resized\plastic\plastic21.jpg,plastic
dataset-resized\plastic\plastic210.jpg,plastic
dataset-resized\plastic\plastic211.jpg,plastic
dataset-resized\plastic\plastic212.jpg,plastic
dataset-resized\plastic\plastic213.jpg,plastic
dataset-resized\plastic\plastic214.jpg,plastic
dataset-resized\plastic\plastic215.jpg,plastic
dataset-resized\plastic\plastic216.jpg,plastic
dataset-resized\plastic\plastic217.jpg,plastic
dataset-resized\plastic\plastic218.jpg,plastic
dataset-resized\plastic\plastic219.jpg,plastic
dataset-resized\plastic\plastic22.jpg,plastic
dataset-resized\plastic\plastic220.jpg,plastic
dataset-resized\plastic\plastic221.jpg,plastic
dataset-resized\plastic\plastic222.jpg,plastic
dataset-resized\plastic\plastic223.jpg,plastic
dataset-resized\plastic\plastic224.jpg,plastic
dataset-resized\plastic\plastic225.jpg,plastic
dataset-resized\plastic\plastic226.jpg,plastic
dataset-resized\plastic\plastic227.jpg,plastic
dataset-resized\plastic\plastic228.jpg,plastic
dataset-resized\plastic\plastic229.jpg,plastic
dataset-resized\plastic\plastic23.jpg,plastic
dataset-resized\plastic\plastic230.jpg,plastic
dataset-resized\plastic\plastic231.jpg,plastic
dataset-resized\plastic\plastic232.jpg,plastic
dataset-resized\plastic\plastic233.jpg,plastic
dataset-resized\plastic\plastic234.jpg,plastic
dataset-resized\plastic\plastic235.jpg,plastic
dataset-resized\plastic\plastic236.jpg,plastic
dataset-resized\plastic\plastic237.jpg,plastic
dataset-resized\plastic\plastic238.jpg,plastic
dataset-resized\plastic\plastic239.jpg,plastic
dataset-resized\plastic\plastic24.jpg,plastic
dataset-resized\plastic\plastic240.jpg,plastic
dataset-resized\plastic\plastic241.jpg,plastic
dataset-resized\plastic\plastic242.jpg,plastic
dataset-resized\plastic\plastic243.jpg,plastic
dataset-resized\plastic\plastic244.jpg,plastic
dataset-resized\plastic\plastic245.jpg,plastic
dataset-resized\plastic\plastic246.jpg,plastic
dataset-resized\plastic\plastic247.jpg,plastic
dataset-resized\plastic\plastic248.jpg,plastic
dataset-resized\plastic\plastic249.jpg,plastic
dataset-resized\plastic\plastic25.jpg,plastic
dataset-resized\plastic\plastic250.jpg,plastic
dataset-resized\plastic\plastic251.jpg,plastic
dataset-resized\plastic\plastic252.jpg,plastic
dataset-resized\plastic\plastic253.jpg,plastic
dataset-resized\plastic\plastic254.jpg,plastic
dataset-resized\plastic\plastic255.jpg,plastic
dataset-resized\plastic\plastic256.jpg,plastic
dataset-resized\plastic\plastic257.jpg,plastic
dataset-resized\plastic\plastic258.jpg,plastic
dataset-resized\plastic\plastic259.jpg,plastic
dataset-resized\plastic\plastic26.jpg,plastic
dataset-resized\plastic\plastic260.jpg,plastic
dataset-resized\plastic\plastic261.jpg,plastic
dataset-resized\plastic\plastic262.jpg,plastic
dataset-resized\plastic\plastic263.jpg,plastic
dataset-resized\plastic\plastic264.jpg,plastic
dataset-resized\plastic\plastic265.jpg,plastic
dataset-resized\plastic\plastic266.jpg,plastic
dataset-resized\plastic\plastic267.jpg,plastic
dataset-resized\plastic\plastic268.jpg,plastic
dataset-resized\plastic\plastic269.jpg,plastic
dataset-resized\plastic\plastic27.jpg,plastic
dataset-resized\plastic\plastic270.jpg,plastic
dataset-resized\plastic\plastic271.jpg,plastic
dataset-resized\plastic\plastic272.jpg,plastic
dataset-resized\plastic\plastic273.jpg,plastic
dataset-resized\plastic\plastic274.jpg,plastic
dataset-resized\plastic\plastic275.jpg,plastic
dataset-resized\plastic\plastic276.jpg,plastic
dataset-resized\plastic\plastic277.jpg,plastic
dataset-resized\plastic\plastic278.jpg,plastic
dataset-resized\plastic\plastic279.jpg,plastic
dataset-resized\plastic\plastic28.jpg,plastic
dataset-resized\plastic\plastic280.jpg,plastic
dataset-resized\plastic\plastic281.jpg,plastic
dataset-resized\plastic\plastic282.jpg,plastic
dataset-resized\plastic\plastic283.jpg,plastic
dataset-resized\plastic\plastic284.jpg,plastic
dataset-resized\plastic\plastic285.jpg,plastic
dataset-resized\plastic\plastic286.jpg,plastic
dataset-resized\plastic\plastic287.jpg,plastic
dataset-resized\plastic\plastic288.jpg,plastic
dataset-resized\plastic\plastic289.jpg,plastic
dataset-resized\plastic\plastic29.jpg,plastic
dataset-resized\plastic\plastic290.jpg,plastic
dataset-resized\plastic\plastic291.jpg,plastic
dataset-resized\plastic\plastic292.jpg,plastic
dataset-resized\plastic\plastic293.jpg,plastic
dataset-resized\plastic\plastic294.jpg,plastic
dataset-resized\plastic\plastic295.jpg,plastic
dataset-resized\plastic\plastic296.jpg,plastic
dataset-resized\plastic\plastic297.jpg,plastic
dataset-resized\plastic\plastic298.jpg,plastic
dataset-resized\plastic\plastic299.jpg,plastic
dataset-resized\plastic\plastic3.jpg,plastic
dataset-resized\plastic\plastic30.jpg,plastic
dataset-resized\plastic\plastic300.jpg,plastic
dataset-resized\plastic\plastic301.jpg,plastic
dataset-resized\plastic\plastic302.jpg,plastic
dataset-resized\plastic\plastic303.jpg,plastic
dataset-resized\plastic\plastic304.jpg,plastic
dataset-resized\plastic\plastic305.jpg,plastic
dataset-resized\plastic\plastic306.jpg,plastic
dataset-resized\plastic\plastic307.jpg,plastic
dataset-resized\plastic\plastic308.jpg,plastic
dataset-resized\plastic\plastic309.jpg,plastic
dataset-resized\plastic\plastic31.jpg,plastic
dataset-resized\plastic\plastic310.jpg,plastic
dataset-resized\plastic\plastic311.jpg,plastic
dataset-resized\plastic\plastic312.jpg,plastic
dataset-resized\plastic\plastic313.jpg,plastic
dataset-resized\plastic\plastic314.jpg,plastic
dataset-resized\plastic\plastic315.jpg,plastic
dataset-resized\plastic\plastic316.jpg,plastic
dataset-resized\plastic\plastic317.jpg,plastic
dataset-resized\plastic\plastic318.jpg,plastic
dataset-resized\plastic\plastic319.jpg,plastic
dataset-resized\plastic\plastic32.jpg,plastic
dataset-resized\plastic\plastic320.jpg,plastic
dataset-resized\plastic\plastic321.jpg,plastic
dataset-resized\plastic\plastic322.jpg,plastic
dataset-resized\plastic\plastic323.jpg,plastic
dataset-resized\plastic\plastic324.jpg,plastic
dataset-resized\plastic\plastic325.jpg,plastic
dataset-resized\plastic\plastic326.jpg,plastic
dataset-resized\plastic\plastic327.jpg,plastic
dataset-resized\plastic\plastic328.jpg,plastic
dataset-resized\plastic\plastic329.jpg,plastic
dataset-resized\plastic\plastic33.jpg,plastic
dataset-resized\plastic\plastic330.jpg,plastic
dataset-resized\plastic\plastic331.jpg,plastic
dataset-resized\plastic\plastic332.jpg,plastic
dataset-resized\plastic\plastic333.jpg,plastic
dataset-resized\plastic\plastic334.jpg,plastic
dataset-resized\plastic\plastic335.jpg,plastic
dataset-resized\plastic\plastic336.jpg,plastic
dataset-resized\plastic\plastic337.jpg,plastic
dataset-resized\plastic\plastic338.jpg,plastic
dataset-resized\plastic\plastic339.jpg,plastic
dataset-resized\plastic\plastic34.jpg,plastic
dataset-resized\plastic\plastic340.jpg,plastic
dataset-resized\plastic\plastic341.jpg,plastic
dataset-resized\plastic\plastic342.jpg,plastic
dataset-resized\plastic\plastic343.jpg,plastic
dataset-resized\plastic\plastic344.jpg,plastic
dataset-resized\plastic\plastic345.jpg,plastic
dataset-resized\plastic\plastic346.jpg,plastic
dataset-resized\plastic\plastic347.jpg,plastic
dataset-resized\plastic\plastic348.jpg,plastic
dataset-resized\plastic\plastic349.jpg,plastic
dataset-resized\plastic\plastic35.jpg,plastic
dataset-resized\plastic\plastic350.jpg,plastic
dataset-resized\plastic\plastic351.jpg,plastic
dataset-resized\plastic\plastic352.jpg,plastic
dataset-resized\plastic\plastic353.jpg,plastic
dataset-resized\plastic\plastic354.jpg,plastic
dataset-resized\plastic\plastic355.jpg,plastic
dataset-resized\plastic\plastic356.jpg,plastic
dataset-resized\plastic\plastic357.jpg,plastic
dataset-resized\plastic\plastic358.jpg,plastic
dataset-resized\plastic\plastic359.jpg,plastic
dataset-resized\plastic\plastic36.jpg,plastic
dataset-resized\plastic\plastic360.jpg,plastic
dataset-resized\plastic\plastic361.jpg,plastic
dataset-resized\plastic\plastic362.jpg,plastic
dataset-resized\plastic\plastic363.jpg,plastic
dataset-resized\plastic\plastic364.jpg,plastic
dataset-resized\plastic\plastic365.jpg,plastic
dataset-resized\plastic\plastic366.jpg,plastic
dataset-resized\plastic\plastic367.jpg,plastic
dataset-resized\plastic\plastic368.jpg,plastic
dataset-resized\plastic\plastic369.jpg,plastic
dataset-resized\plastic\plastic37.jpg,plastic
dataset-resized\plastic\plastic370.jpg,plastic
dataset-resized\plastic\plastic371.jpg,plastic
dataset-resized\plastic\plastic372.jpg,plastic
dataset-resized\plastic\plastic373.jpg,plastic
dataset-resized\plastic\plastic374.jpg,plastic
dataset-resized\plastic\plastic375.jpg,plastic
dataset-resized\plastic\plastic376.jpg,plastic
dataset-resized\plastic\plastic377.jpg,plastic
dataset-resized\plastic\plastic378.jpg,plastic
dataset-resized\plastic\plastic379.jpg,plastic
dataset-resized\plastic\plastic38.jpg,plastic
dataset-resized\plastic\plastic380.jpg,plastic
dataset-resized\plastic\plastic381.jpg,plastic
dataset-resized\plastic\plastic382.jpg,plastic
dataset-resized\plastic\plastic383.jpg,plastic
dataset-resized\plastic\plastic384.jpg,plastic
dataset-resized\plastic\plastic385.jpg,plastic
dataset-resized\plastic\plastic386.jpg,plastic
dataset-resized\plastic\plastic387.jpg,plastic
dataset-resized\plastic\plastic388.jpg,plastic
dataset-resized\plastic\plastic389.jpg,plastic
dataset-resized\plastic\plastic39.jpg,plastic
dataset-resized\plastic\plastic390.jpg,plastic
dataset-resized\plastic\plastic391.jpg,plastic
dataset-resized\plastic\plastic392.jpg,plastic
dataset-resized\plastic\plastic393.jpg,plastic
dataset-resized\plastic\plastic394.jpg,plastic
dataset-resized\plastic\plastic395.jpg,plastic
dataset-resized\plastic\plastic396.jpg,plastic
dataset-resized\plastic\plastic397.jpg,plastic
dataset-resized\plastic\plastic398.jpg,plastic
dataset-resized\plastic\plastic399.jpg,plastic
dataset-resized\plastic\plastic4.jpg,plastic
dataset-resized\plastic\plastic40.jpg,plastic
dataset-resized\plastic\plastic400.jpg,plastic
dataset-resized\plastic\plastic401.jpg,plastic
dataset-resized\plastic\plastic402.jpg,plastic
dataset-resized\plastic\plastic403.jpg,plastic
dataset-resized\plastic\plastic404.jpg,plastic
dataset-resized\plastic\plastic405.jpg,plastic
dataset-resized\plastic\plastic406.jpg,plastic
dataset-resized\plastic\plastic407.jpg,plastic
dataset-resized\plastic\plastic408.jpg,plastic
dataset-resized\plastic\plastic409.jpg,plastic
dataset-resized\plastic\plastic41.jpg,plastic
dataset-resized\plastic\plastic410.jpg,plastic
dataset-resized\plastic\plastic411.jpg,plastic
dataset-resized\plastic\plastic412.jpg,plastic
dataset-resized\plastic\plastic413.jpg,plastic
dataset-resized\plastic\plastic414.jpg,plastic
dataset-resized\plastic\plastic415.jpg,plastic
dataset-resized\plastic\plastic416.jpg,plastic
dataset-resized\plastic\plastic417.jpg,plastic
dataset-resized\plastic\plastic418.jpg,plastic
dataset-resized\plastic\plastic419.jpg,plastic
dataset-resized\plastic\plastic42.jpg,plastic
dataset-resized\plastic\plastic420.jpg,plastic
dataset-resized\plastic\plastic421.jpg,plastic
dataset-resized\plastic\plastic422.jpg,plastic
dataset-resized\plastic\plastic423.jpg,plastic
dataset-resized\plastic\plastic424.jpg,plastic
dataset-resized\plastic\plastic425.jpg,plastic
dataset-resized\plastic\plastic426.jpg,plastic
dataset-resized\plastic\plastic427.jpg,plastic
dataset-resized\plastic\plastic428.jpg,plastic
dataset-resized\plastic\plastic429.jpg,plastic
dataset-resized\plastic\plastic43.jpg,plastic
dataset-resized\plastic\plastic430.jpg,plastic
dataset-resized\plastic\plastic431.jpg,plastic
dataset-resized\plastic\plastic432.jpg,plastic
dataset-resized\plastic\plastic433.jpg,plastic
dataset-resized\plastic\plastic434.jpg,plastic
dataset-resized\plastic\plastic435.jpg,plastic
dataset-resized\plastic\plastic436.jpg,plastic
dataset-resized\plastic\plastic437.jpg,plastic
dataset-resized\plastic\plastic438.jpg,plastic
dataset-resized\plastic\plastic439.jpg,plastic
dataset-resized\plastic\plastic44.jpg,plastic
dataset-resized\plastic\plastic440.jpg,plastic
dataset-resized\plastic\plastic441.jpg,plastic
dataset-resized\plastic\plastic442.jpg,plastic
dataset-resized\plastic\plastic443.jpg,plastic
dataset-resized\plastic\plastic444.jpg,plastic
dataset-resized\plastic\plastic445.jpg,plastic
dataset-resized\plastic\plastic446.jpg,plastic
dataset-resized\plastic\plastic447.jpg,plastic
dataset-resized\plastic\plastic448.jpg,plastic
dataset-resized\plastic\plastic449.jpg,plastic
dataset-resized\plastic\plastic45.jpg,plastic
dataset-resized\plastic\plastic450.jpg,plastic
dataset-resized\plastic\plastic451.jpg,plastic
dataset-resized\plastic\plastic452.jpg,plastic
dataset-resized\plastic\plastic453.jpg,plastic
dataset-resized\plastic\plastic454.jpg,plastic
dataset-resized\plastic\plastic455.jpg,plastic
dataset-resized\plastic\plastic456.jpg,plastic
dataset-resized\plastic\plastic457.jpg,plastic
dataset-resized\plastic\plastic458.jpg,plastic
dataset-resized\plastic\plastic459.jpg,plastic
dataset-resized\plastic\plastic46.jpg,plastic
dataset-resized\plastic\plastic460.jpg,plastic
dataset-resized\plastic\plastic461.jpg,plastic
dataset-resized\plastic\plastic462.jpg,plastic
dataset-resized\plastic\plastic463.jpg,plastic
dataset-resized\plastic\plastic464.jpg,plastic
dataset-resized\plastic\plastic465.jpg,plastic
dataset-resized\plastic\plastic466.jpg,plastic
dataset-resized\plastic\plastic467.jpg,plastic
dataset-resized\plastic\plastic468.jpg,plastic
dataset-resized\plastic\plastic469.jpg,plastic
dataset-resized\plastic\plastic47.jpg,plastic
dataset-resized\plastic\plastic470.jpg,plastic
dataset-resized\plastic\plastic471.jpg,plastic
dataset-resized\plastic\plastic472.jpg,plastic
dataset-resized\plastic\plastic473.jpg,plastic
dataset-resized\plastic\plastic474.jpg,plastic
dataset-resized\plastic\plastic475.jpg,plastic
dataset-resized\plastic\plastic476.jpg,plastic
dataset-resized\plastic\plastic477.jpg,plastic
dataset-resized\plastic\plastic478.jpg,plastic
dataset-resized\plastic\plastic479.jpg,plastic
dataset-resized\plastic\plastic48.jpg,plastic
dataset-resized\plastic\plastic480.jpg,plastic
dataset-resized\plastic\plastic481.jpg,plastic
dataset-resized\plastic\plastic482.jpg,plastic
dataset-resized\plastic\plastic49.jpg,plastic
dataset-resized\plastic\plastic5.jpg,plastic
dataset-resized\plastic\plastic50.jpg,plastic
dataset-resized\plastic\plastic51.jpg,plastic
dataset-resized\plastic\plastic52.jpg,plastic
dataset-resized\plastic\plastic53.jpg,plastic
dataset-resized\plastic\plastic54.jpg,plastic
dataset-resized\plastic\plastic55.jpg,plastic
dataset-resized\plastic\plastic56.jpg,plastic
dataset-resized\plastic\plastic57.jpg,plastic
dataset-resized\plastic\plastic58.jpg,plastic
dataset-resized\plastic\plastic59.jpg,plastic
dataset-resized\plastic\plastic6.jpg,plastic
dataset-resized\plastic\plastic60.jpg,plastic
dataset-resized\plastic\plastic61.jpg,plastic
dataset-resized\plastic\plastic62.jpg,plastic
dataset-resized\plastic\plastic63.jpg,plastic
dataset-resized\plastic\plastic64.jpg,plastic
dataset-resized\plastic\plastic65.jpg,plastic
dataset-resized\plastic\plastic66.jpg,plastic
dataset-resized\plastic\plastic67.jpg,plastic
dataset-resized\plastic\plastic68.jpg,plastic
dataset-resized\plastic\plastic69.jpg,plastic
dataset-resized\plastic\plastic7.jpg,plastic
dataset-resized\plastic\plastic70.jpg,plastic
dataset-resized\plastic\plastic71.jpg,plastic
dataset-resized\plastic\plastic72.jpg,plastic
dataset-resized\plastic\plastic73.jpg,plastic
dataset-resized\plastic\plastic74.jpg,plastic
dataset-resized\plastic\plastic75.jpg,plastic
dataset-resized\plastic\plastic76.jpg,plastic
dataset-resized\plastic\plastic77.jpg,plastic
dataset-resized\plastic\plastic78.jpg,plastic
dataset-resized\plastic\plastic79.jpg,plastic
dataset-resized\plastic\plastic8.jpg,plastic
dataset-resized\plastic\plastic80.jpg,plastic
dataset-resized\plastic\plastic81.jpg,plastic
dataset-resized\plastic\plastic82.jpg,plastic
dataset-resized\plastic\plastic83.jpg,plastic
dataset-resized\plastic\plastic84.jpg,plastic
dataset-resized\plastic\plastic85.jpg,plastic
dataset-resized\plastic\plastic86.jpg,plastic
dataset-resized\plastic\plastic87.jpg,plastic
dataset-resized\plastic\plastic88.jpg,plastic
dataset-resized\plastic\plastic89.jpg,plastic
dataset-resized\plastic\plastic9.jpg,plastic
dataset-resized\plastic\plastic90.jpg,plastic
dataset-resized\plastic\plastic91.jpg,plastic
dataset-resized\plastic\plastic92.jpg,plastic
dataset-resized\plastic\plastic93.jpg,plastic
dataset-resized\plastic\plastic94.jpg,plastic
dataset-resized\plastic\plastic95.jpg,plastic
dataset-resized\plastic\plastic96.jpg,plastic
dataset-resized\plastic\plastic97.jpg,plastic
dataset-resized\plastic\plastic98.jpg,plastic
dataset-resized\plastic\plastic99.jpg,plastic
